{"statevector": -6.7698132, "uniform": [-6.773123816210937, -6.772957183203126, -6.770728190429688, -6.770712414648438, -6.770392711718751, -6.770155613281252, -6.769293648632814, -6.769057560742188, -6.768336938085939, -6.767449817187502], "vpsr": [-6.775853344059164, -6.772450545006347, -6.771583115766716, -6.771084910989424, -6.77041755444027, -6.769363419467495, -6.769213052269622, -6.769132597676163, -6.768834070641996, -6.767482402100174], "vmsa": [-6.772466110186022, -6.77115447228467, -6.770407379564, -6.770164806244327, -6.7700057637054805, -6.7696213653437445, -6.769366425099279, -6.769011683099628, -6.768685027419064, -6.7672965718286475]}