{"statevector": -6.7698132, "uniform": [-6.772502250390624, -6.771034966992187, -6.770845804101564, -6.77040693652344, -6.770253463867188, -6.768496146875001, -6.768111695898439, -6.767981729296874, -6.767729008984376, -6.767442674609376], "vpsr": [-6.77397797966442, -6.773557254132354, -6.77225638765251, -6.771121080731604, -6.7707005999770535, -6.7705971140369625, -6.769856153699774, -6.769250883969114, -6.7680624240447615, -6.7675597969545755], "vmsa": [-6.7712178830295064, -6.771201864225037, -6.770590986293444, -6.7705175089159155, -6.770428914263905, -6.770041890851382, -6.769065783935478, -6.768879919539409, -6.768878649547658, -6.768330975982578]}