{"energy_statevector": [-1.5149418065927562, -1.5222752739094578, -1.5248495508258828, -1.527275820476306], "energy_uniform": [14.347892576542492, 50.85291275093332, 46.011190907919016, 96.93702297163028], "energy_vpsr": [189.98360600320206, 66.0402500536854, 19.30104101363199, 119.21590070841621], "energy_vmsa": [82.55205766657078, 32.25095194423103, 108.01924083776889, 161.00992356960825], "std_uniform": [0.0, 0.0, 0.0, 0.0], "std_vpsr": [0.0, 0.0, 0.0, 0.0], "std_vmsa": [0.0, 0.0, 0.0, 0.0]}