{"pool_name": "QE", "initial_energy": -1.1166512474115222, "fci_energy": -1.1372633383635353, "data_list": [{"energies_statevector": [-1.1166512474115222], "energies_uniform": [-1.1164245944045663], "energies_vmsa": [-1.1201006389221422], "energies_vpsr": [-1.1165201074996653], "std_uniform": [0.006119631187805008], "std_vmsa": [0.0013288239217325026], "std_vpsr": [0.005485556275033776], "shots_uniform": [[200, 200, 200, 200, 200]], "shots_vmsa": [[225, 240, 240, 245, 1]], "shots_vpsr": [[197, 197, 161, 201, 1]]}, {"energies_statevector": [-1.1166512474115213, -1.116651243785073, -0.16669246730467863, -0.16669248313035723, -1.1367682481117052, -1.136768247546139, -1.1372632894962993, -1.1372632895019195, -1.1372633383635302, -1.1372633383635282], "energies_uniform": [-1.1227708785993271, -1.110758269230673, -0.2073939451679844, -0.14804190838539238, -1.134368217029881, -1.1332349519951022, -1.1261861992235696, -1.137768012134217, -1.1405709024053061, -1.1205804186813912], "energies_vmsa": [-1.1182013861420892, -1.1210931028864337, -0.1659315730381694, -0.1397469303680456, -1.1473863457761873, -1.1293363929037408, -1.1575785765409412, -1.155271228617292, -1.153095827615425, -1.1568412316720884], "energies_vpsr": [-1.1222985382485637, -1.1118187639637966, -0.21781911773579835, -0.2182271602586482, -1.1536314748621956, -1.142611938559987, -1.1623683339037656, -0.36433126864236354, -1.1535893516961497, -1.1624172340488594], "std_uniform": [0.006119631187805008, 0.00181322405564599, 0.08568880470126736, 0.002266530069557404, 0.006882644396292492, 0.00846921544498258, 0.01189152010522343, 0.0010502108471585059, 0.0015865710486901996, 0.0011332650347787299], "std_vmsa": [0.0026603951616748223, 0.007959109093446437, 0.023917499409304432, 0.05610323696510214, 0.002520238561391719, 0.008312173507140308, 0.0012134598473381164, 0.0012658877963489523, 0.0006996988697761664, 0.0018341955660112763], "std_vpsr": [0.006413915162664985, 0.002644212013749647, 0.03406288245462466, 0.060037170976761256, 0.0021472390132649677, 0.006216384365493988, 0.0004001549921306413, 0.7893388095306929, 0.0016188211039550593, 0.002551409374243807], "shots_uniform": [[200, 200, 200, 200, 200], [200, 200, 200, 200, 200], [200, 200, 200, 200, 200], [200, 200, 200, 200, 200], [200, 200, 200, 200, 200], [200, 200, 200, 200, 200], [200, 200, 200, 200, 200], [200, 200, 200, 200, 200], [200, 200, 200, 200, 200], [200, 200, 200, 200, 200]], "shots_vmsa": [[214, 261, 214, 261, 1], [203, 249, 249, 249, 1], [33, 1, 1, 44, 873], [1, 1, 1, 1, 950], [249, 228, 228, 244, 1], [62, 54, 66, 66, 702], [231, 282, 173, 264, 1], [226, 241, 241, 241, 1], [232, 232, 253, 232, 1], [261, 261, 214, 214, 1]], "shots_vpsr": [[194, 178, 194, 194, 1], [173, 198, 173, 211, 1], [10, 1, 10, 1, 208], [12, 12, 1, 1, 210], [190, 190, 190, 190, 1], [199, 182, 195, 182, 1], [189, 189, 189, 193, 1], [214, 171, 196, 171, 1], [195, 191, 179, 195, 1], [207, 169, 207, 169, 1]]}]}