{"pool_name": "QE", "initial_energy": -1.1166512474115222, "fci_energy": -1.1372633383635353, "data_list": [{"energies_statevector": [-1.1166512474115222], "energies_uniform": [-1.1166502138738104], "energies_vmsa": [-1.1166351099152576], "energies_vpsr": [-1.1166682414786429], "std_uniform": [7.12559704165466e-05], "std_vmsa": [6.400936737341065e-05], "std_vpsr": [5.951807735253798e-05], "shots_uniform": [[2000000, 2000000, 2000000, 2000000, 2000000]], "shots_vmsa": [[2496606, 2500211, 2497688, 2500496, 1]], "shots_vpsr": [[1998825, 1999077, 1999081, 1999017, 1]]}, {"energies_statevector": [-1.1166512474115213, -1.116651243785073, -0.16669246730467863, -0.16669248313035723, -1.1367682481117052, -1.136768247546139, -1.1372632894962993, -1.1372632895019195, -1.1372633383635302, -1.1372633383635282], "energies_uniform": [-1.1166643388892037, -1.1166560025916081, -0.16671235782853772, -0.16659741856946023, -1.1367717187820696, -1.1367767973609983, -1.1372961157185995, -1.1371762244475745, -1.137288888946588, -1.1372275044990983], "energies_vmsa": [-1.11664515171554, -1.1166601476040638, -0.1666139831093368, -0.1667408782654841, -1.1367652530129286, -1.136715927297614, -1.137263185057391, -1.1372543710611385, -1.1372874432954876, -1.1372850571395756], "energies_vpsr": [-1.1166570032963348, -1.1166830156729064, -0.16670937192467378, -0.1667411970373867, -1.13676138974839, -1.1368006355841351, -1.1372488619790617, -1.1372365179693247, -1.1372601417785444, -1.1372304087428995], "std_uniform": [5.759895295277621e-05, 6.82168514824803e-05, 0.00034625763222041663, 0.0004816304594378972, 8.535751469699248e-05, 0.0001397719416205611, 0.00011503521406858022, 0.0001471757487685582, 5.424771114965565e-05, 0.0001542811117282124], "std_vmsa": [6.147313640949516e-05, 4.8093950312606366e-05, 0.0002168661565623501, 0.0002972667531435736, 8.49190237205038e-05, 0.00014669988105930738, 8.983655758988984e-05, 0.00012483805205656753, 0.00012494669716879906, 6.232206889439516e-05], "std_vpsr": [4.8449221092305606e-05, 6.290234832048288e-05, 0.0003832103743756734, 0.0004838485549447985, 0.00010949384813255052, 0.00014543722194217194, 7.410145129890992e-05, 0.00013310357924295314, 0.00011026184774857652, 0.0001020918967150086], "shots_uniform": [[2000000, 2000000, 2000000, 2000000, 2000000], [2000000, 2000000, 2000000, 2000000, 2000000], [2000000, 2000000, 2000000, 2000000, 2000000], [2000000, 2000000, 2000000, 2000000, 2000000], [2000000, 2000000, 2000000, 2000000, 2000000], [2000000, 2000000, 2000000, 2000000, 2000000], [2000000, 2000000, 2000000, 2000000, 2000000], [2000000, 2000000, 2000000, 2000000, 2000000], [2000000, 2000000, 2000000, 2000000, 2000000], [2000000, 2000000, 2000000, 2000000, 2000000]], "shots_vmsa": [[2500237, 2495610, 2498736, 2500417, 1], [2499693, 2499213, 2497507, 2498588, 1], [211865, 235764, 209010, 220173, 9118188], [260569, 222377, 216670, 246153, 9049231], [1334839, 1331028, 1330119, 1336008, 4663005], [1488991, 1486207, 1485631, 1476895, 4057275], [1332444, 1318969, 1322782, 1332444, 4688361], [1311961, 1329887, 1323105, 1329300, 4700747], [1246256, 1253137, 1231105, 1242769, 5021733], [1320148, 1307073, 1342813, 1325338, 4699628]], "shots_vpsr": [[1998990, 1998174, 1999098, 1999738, 1], [1999310, 1998986, 1998410, 1999294, 1], [58111, 58111, 58111, 71243, 2213872], [61738, 55510, 56822, 58724, 2203985], [1535078, 1533436, 1541967, 1537176, 2959016], [877387, 867177, 869862, 858939, 3218963], [762082, 758531, 761742, 755045, 3182223], [816049, 821529, 841477, 823236, 3207131], [607274, 603652, 604814, 604528, 3090596], [870100, 862449, 869360, 862886, 3218480]]}]}