{"pool_name": "QE", "initial_energy": -1.1166512474115222, "fci_energy": -1.1372633383635353, "data_list": [{"energies_statevector": [-1.1166512474115222, -1.1166512474115213, -1.116651243785073, -0.16669246730467863, -0.16669248313035723, -1.1367682481117052, -1.136768247546139, -1.1372632894962993, -1.1372632895019195, -1.1372633383635302, -1.1372633383635282], "energies_uniform": [-1.1180111654532565, -1.1175578594393452, -1.110531616223717, -0.1802111098532015, -0.21133010047385217, -1.1435399010516352, -1.1267225594251011, -1.1320186327727033, -1.1451039625444208, -1.137768012134217, -1.1195302078342326], "energies_vmsa": [-1.117571522918488, -1.1101030469621176, -1.11444510674858, -0.19092370494278613, -0.17741513629648242, -1.1523946449885112, -1.1280259482715809, -1.1612542245571644, -1.1527191417326934, -1.1407895450741037, -1.1594257770848477], "energies_vpsr": [-1.120141539571237, -1.121236723874445, -1.1183351294436248, -0.21663704098597175, -0.1141338795280557, -1.1576758331264818, -1.1512944794476283, -1.1583422823001746, -1.1352003919684672, -1.1619734970762237, -1.1384379359240397], "std_uniform": [0.0013599180417344092, 0.001813224055645879, 0.0006799590208672601, 0.025656808897808137, 0.08401917946495704, 0.0012163192223987318, 0.017701444098452646, 0.0013599180417345202, 0.005832433549133764, 0.007275405778488397, 0.01096239852149583], "std_vmsa": [0.004746049666927821, 0.005582863773816671, 0.0012913053967716914, 0.01687634776880695, 0.008162666016099107, 5.9775566220166e-05, 0.0015084944433430003, 0.0002964971524468396, 0.006759758897926127, 0.011348435736725282, 0.002919015998672503], "std_vpsr": [0.005710601776167223, 0.00023733299157668863, 0.004127064375359923, 0.00803297001197495, 0.028781526893575493, 0.0008748730262732041, 0.006455916720865651, 0.0002892213780291142, 0.0005568452701660842, 0.0021476785778147267, 0.01927713607630477], "shots_uniform": [[200, 200, 200, 200, 200], [200, 200, 200, 200, 200], [200, 200, 200, 200, 200], [200, 200, 200, 200, 200], [200, 200, 200, 200, 200], [200, 200, 200, 200, 200], [200, 200, 200, 200, 200], [200, 200, 200, 200, 200], [200, 200, 200, 200, 200], [200, 200, 200, 200, 200], [200, 200, 200, 200, 200]], "shots_vmsa": [[235, 240, 240, 235, 1], [230, 230, 245, 245, 1], [240, 240, 245, 225, 1], [1, 44, 1, 33, 873], [29, 29, 29, 29, 835], [236, 241, 236, 236, 1], [62, 62, 62, 62, 703], [233, 233, 250, 233, 1], [240, 245, 225, 240, 1], [61, 67, 65, 61, 696], [264, 264, 211, 211, 1]], "shots_vpsr": [[198, 198, 159, 198, 1], [187, 191, 191, 191, 1], [189, 193, 189, 189, 1], [7, 1, 1, 1, 196], [10, 10, 1, 1, 208], [193, 189, 189, 189, 1], [189, 193, 189, 189, 1], [201, 188, 201, 164, 1], [24, 24, 24, 24, 253], [196, 192, 192, 180, 1], [24, 23, 22, 19, 249]]}, {"energies_statevector": [-1.1166512474115222, -1.1166512474115213, -1.116651243785073, -0.16669246730467863, -0.16669248313035723, -1.1367682481117052, -1.136768247546139, -1.1372632894962993, -1.1372632895019195, -1.1372633383635302, -1.1372633383635282], "energies_uniform": [-1.1180111654532565, -1.1175578594393452, -1.110531616223717, -0.1802111098532015, -0.21133010047385217, -1.1435399010516352, -1.1267225594251011, -1.1320186327727033, -1.1451039625444208, -1.137768012134217, -1.1195302078342326], "energies_vmsa": [-1.117571522918488, -1.1101030469621176, -1.11444510674858, -0.19092370494278613, -0.17741513629648242, -1.1523946449885112, -1.1280259482715809, -1.1612542245571644, -1.1527191417326934, -1.1407895450741037, -1.1594257770848477], "energies_vpsr": [-1.120141539571237, -1.121236723874445, -1.1183351294436248, -0.21663704098597175, -0.1141338795280557, -1.1576758331264818, -1.1512944794476283, -1.1583422823001746, -1.1352003919684672, -1.1619734970762237, -1.1384379359240397], "std_uniform": [0.0013599180417344092, 0.001813224055645879, 0.0006799590208672601, 0.025656808897808137, 0.08401917946495704, 0.0012163192223987318, 0.017701444098452646, 0.0013599180417345202, 0.005832433549133764, 0.007275405778488397, 0.01096239852149583], "std_vmsa": [0.004746049666927821, 0.005582863773816671, 0.0012913053967716914, 0.01687634776880695, 0.008162666016099107, 5.9775566220166e-05, 0.0015084944433430003, 0.0002964971524468396, 0.006759758897926127, 0.011348435736725282, 0.002919015998672503], "std_vpsr": [0.005710601776167223, 0.00023733299157668863, 0.004127064375359923, 0.00803297001197495, 0.028781526893575493, 0.0008748730262732041, 0.006455916720865651, 0.0002892213780291142, 0.0005568452701660842, 0.0021476785778147267, 0.01927713607630477], "shots_uniform": [[200, 200, 200, 200, 200], [200, 200, 200, 200, 200], [200, 200, 200, 200, 200], [200, 200, 200, 200, 200], [200, 200, 200, 200, 200], [200, 200, 200, 200, 200], [200, 200, 200, 200, 200], [200, 200, 200, 200, 200], [200, 200, 200, 200, 200], [200, 200, 200, 200, 200], [200, 200, 200, 200, 200]], "shots_vmsa": [[235, 240, 240, 235, 1], [230, 230, 245, 245, 1], [240, 240, 245, 225, 1], [1, 44, 1, 33, 873], [29, 29, 29, 29, 835], [236, 241, 236, 236, 1], [62, 62, 62, 62, 703], [233, 233, 250, 233, 1], [240, 245, 225, 240, 1], [61, 67, 65, 61, 696], [264, 264, 211, 211, 1]], "shots_vpsr": [[198, 198, 159, 198, 1], [187, 191, 191, 191, 1], [189, 193, 189, 189, 1], [7, 1, 1, 1, 196], [10, 10, 1, 1, 208], [193, 189, 189, 189, 1], [189, 193, 189, 189, 1], [201, 188, 201, 164, 1], [24, 24, 24, 24, 253], [196, 192, 192, 180, 1], [24, 23, 22, 19, 249]]}]}