{"pool_name": "QE", "initial_energy": -1.1166512474115222, "fci_energy": -1.1372633383635353, "data_list": [{"energies_statevector": [-1.1166512474115222], "energies_uniform": [-1.1161979413976106], "energies_vmsa": [-1.120000226490072], "energies_vpsr": [-1.1256493638608385], "std_uniform": [0.0009066120278229395], "std_vmsa": [0.0015406835008076047], "std_vpsr": [0.0038637022059327952], "shots_uniform": [[200, 200, 200, 200, 200]], "shots_vmsa": [[234, 204, 256, 256, 1]], "shots_vpsr": [[195, 182, 182, 199, 1]]}, {"energies_statevector": [-1.1166512474115213, -1.116651243785073, -0.16669246730467863, -0.16669248313035723, -1.1367682481117052, -1.136768247546139, -1.1372632894962993, -1.1372632895019195, -1.1372633383635302, -1.1372633383635282], "energies_uniform": [-1.1112115752445844, -1.1143847173419648, -0.14130286280843563, -0.12343531033474286, -1.128331640029696, -1.1499692394340162, -1.1373147061203055, -1.1302054087170572, -1.1359547880785712, -1.135048176050748], "energies_vmsa": [-1.1120453423579906, -1.1167743318259111, -0.07635299178239352, -0.1606385281480956, -1.1490799873367936, -1.1486973728507168, -1.1525710182899465, -1.1642375297576182, -0.37269189432784167, -0.36056085377420677], "energies_vpsr": [-1.1230861659803688, -1.115489965661294, -0.18730530435961573, -0.21352270135949267, -1.1466818071724139, -1.1521361064792384, -1.149806409897902, -1.1641731549305254, -1.1594750822325741, -1.1584318772387077], "std_uniform": [0.0027198360834688184, 0.006346284194760798, 0.053519603233458224, 0.023080571633674885, 0.0006799590208671491, 0.002493183076513139, 0.016794832070629484, 0.0025987468200380226, 0.0010502108471585059, 0.00030970719457590334], "std_vmsa": [0.00416595713567447, 0.001981732749201881, 0.011601032559582614, 0.05137957771191104, 0.0014357044054309487, 0.005205233788190156, 0.0020896943711254945, 0.004199918701107919, 0.787235172792722, 0.7805523249232821], "std_vpsr": [0.0029115971819057007, 0.001691790790223191, 0.015286040022787328, 0.01606594002394998, 0.0020047355674756018, 0.0026724157735029674, 0.0050337852646478165, 0.005052375517370811, 0.009825387405005492, 0.0038962625604027634], "shots_uniform": [[200, 200, 200, 200, 200], [200, 200, 200, 200, 200], [200, 200, 200, 200, 200], [200, 200, 200, 200, 200], [200, 200, 200, 200, 200], [200, 200, 200, 200, 200], [200, 200, 200, 200, 200], [200, 200, 200, 200, 200], [200, 200, 200, 200, 200], [200, 200, 200, 200, 200]], "shots_vmsa": [[248, 202, 248, 253, 1], [253, 248, 248, 202, 1], [1, 1, 35, 1, 915], [39, 1, 1, 1, 911], [214, 261, 261, 214, 1], [159, 265, 260, 265, 1], [244, 228, 228, 249, 1], [244, 244, 223, 239, 1], [245, 240, 225, 240, 1], [244, 228, 228, 249, 1]], "shots_vpsr": [[194, 178, 194, 194, 1], [191, 187, 191, 191, 1], [9, 1, 1, 9, 206], [1, 1, 1, 7, 196], [192, 192, 196, 180, 1], [188, 192, 192, 188, 1], [182, 182, 195, 199, 1], [161, 198, 198, 198, 1], [174, 213, 217, 130, 1], [197, 201, 197, 161, 1]]}]}