{"pool_name": "QE", "initial_energy": -1.1166512474115222, "fci_energy": -1.1372633383635353, "data_list": [{"energies_statevector": [-1.1166512474115222], "energies_uniform": [-1.1200510425158583], "energies_vmsa": [-1.11490155778518], "energies_vpsr": [-1.099935998889181], "std_uniform": [0.008839467271273937], "std_vmsa": [0.0004374220209090174], "std_vpsr": [0.004425888426223934], "shots_uniform": [[200, 200, 200, 200, 200]], "shots_vmsa": [[281, 275, 225, 169, 1]], "shots_vpsr": [[183, 196, 183, 196, 1]]}, {"energies_statevector": [-1.1166512474115213, -1.116651243785073, -0.16669246730467863, -0.16669248313035723, -1.1367682481117052, -1.136768247546139, -1.1372632894962993, -1.1372632895019195, -1.1372633383635302, -1.1372633383635282], "energies_uniform": [-1.1164245944045663, -1.1189177774810797, -0.16423983562277486, -0.1427458350377902, -1.1304320617240131, -1.1418702758153252, -1.1547064430241822, -1.1419308204470404, -1.1503394912603075, -1.1289890894946586], "energies_vmsa": [-1.1147885626501877, -1.1212376698158635, 0.29023005631540644, -0.49394071109333876, -1.1546445373340113, -1.1443136349320824, -1.1657011343970796, -1.1538682128127928, -1.154614802336822, -1.1607418190550098], "energies_vpsr": [-1.1127536346455384, -1.1130725157227472, -0.48998594800767287, -0.49356467969644774, -1.152915728524441, -1.148859832610496, -1.150529907398591, -1.1490984147230812, -1.149814161060836, -1.149098414723081], "std_uniform": [0.0033997951043361896, 0.004986366153026389, 0.004079754125203311, 0.0012163192223988428, 0.0038531011182476593, 0.007872310611735434, 0.008182017806311337, 0.0014204626734499737, 0.004389461319779242, 0.002576237264133252], "std_vmsa": [0.00018506651511163152, 0.0038181343688498126, 0.0003833403691730908, 0.7887555825159411, 0.0005673758923191441, 0.0017238261884199302, 0.00058184156662755, 0.007825929800854614, 0.0009571454500736376, 0.0028521487844765936], "std_vpsr": [0.005780700645787617, 0.0007157463377549522, 0.7889011359616431, 0.7857995684980383, 0.0009543284503400473, 0.0016700747880948885, 0.0023858211258499518, 0.003817313801359856, 0.0021472390132648567, 0.00047716422516996815], "shots_uniform": [[200, 200, 200, 200, 200], [200, 200, 200, 200, 200], [200, 200, 200, 200, 200], [200, 200, 200, 200, 200], [200, 200, 200, 200, 200], [200, 200, 200, 200, 200], [200, 200, 200, 200, 200], [200, 200, 200, 200, 200], [200, 200, 200, 200, 200], [200, 200, 200, 200, 200]], "shots_vmsa": [[281, 275, 225, 169, 1], [237, 238, 237, 238, 1], [237, 238, 237, 238, 1], [237, 238, 237, 238, 1], [237, 238, 237, 238, 1], [237, 238, 237, 238, 1], [237, 238, 237, 238, 1], [237, 238, 237, 238, 1], [237, 238, 237, 238, 1], [237, 238, 237, 238, 1]], "shots_vpsr": [[183, 196, 183, 196, 1], [190, 190, 190, 190, 1], [190, 190, 190, 190, 1], [190, 190, 190, 190, 1], [190, 190, 190, 190, 1], [190, 190, 190, 190, 1], [190, 190, 190, 190, 1], [190, 190, 190, 190, 1], [190, 190, 190, 190, 1], [190, 190, 190, 190, 1]]}]}