{"pool_name": "QE", "initial_energy": -1.1166512474115222, "fci_energy": -1.1372633383635353, "data_list": [{"energies_statevector": [-1.1166512474115222, -1.1166512474115213, -1.116651243785073, -0.16669246730467863, -0.16669248313035723, -1.1367682481117052, -1.136768247546139, -1.1372632894962993, -1.1372632895019195, -1.1372633383635302, -1.1372633383635282], "energies_uniform": [-1.107358474126337, -1.1134781053141418, -1.1139314113280534, -0.20799085000123144, -0.1963259829029638, -1.1356450808839953, -1.1315047821270763, -1.1547894972118022, -1.1283091304737913, -1.1200665680357647, -1.133151897807482], "energies_vmsa": [-1.116828517008627, -1.11656773100295, -1.1208889365527548, -0.17016157481064248, -0.12984317847116356, -1.1533466575499007, -1.1486246934814326, -1.1568402831172884, -1.1463819375024107, -1.1555835890272146, -1.1523768521996596], "energies_vpsr": [-1.1149784758841228, -1.1153292944435524, -1.1094331618145126, -0.11347560730004638, -0.15466288731659705, -1.154558185577188, -1.1552807160172325, -1.1560829601692588, -1.1614939734803924, -1.1538842280754396, -1.1583382012299495], "std_uniform": [0.0052130191599820686, 0.0027198360834688184, 0.00045330601391146974, 0.026193169099339747, 0.014074995987160638, 0.01603181886214211, 0.0071923515908682845, 0.007645657604779643, 0.0023495842571774617, 0.0139313971678251, 0.002327074701272802], "std_vmsa": [0.00337514674755679, 0.004539546458568577, 0.002144747315978246, 0.0008286642749195661, 0.059096390438991786, 0.003765926522320995, 0.00036370346285630184, 0.0033269102670399064, 0.004173796631585902, 0.0024046930055826587, 0.0035013421504632714], "std_vpsr": [0.003943320267292938, 0.006243257802840185, 0.007784042663126489, 0.1403810592774681, 0.016819219227815985, 0.0025604939895859102, 0.0019088684096449926, 0.001301584444706183, 0.0021092868602478054, 0.0033154030272780632, 0.00019456503650649992], "shots_uniform": [[200, 200, 200, 200, 200], [200, 200, 200, 200, 200], [200, 200, 200, 200, 200], [200, 200, 200, 200, 200], [200, 200, 200, 200, 200], [200, 200, 200, 200, 200], [200, 200, 200, 200, 200], [200, 200, 200, 200, 200], [200, 200, 200, 200, 200], [200, 200, 200, 200, 200], [200, 200, 200, 200, 200]], "shots_vmsa": [[248, 253, 202, 248, 1], [166, 254, 254, 277, 1], [236, 236, 236, 241, 1], [1, 1, 1, 1, 950], [1, 1, 1, 35, 915], [244, 228, 249, 228, 1], [241, 241, 241, 226, 1], [253, 207, 237, 253, 1], [66, 66, 65, 66, 687], [212, 212, 265, 260, 1], [270, 248, 216, 216, 1]], "shots_vpsr": [[192, 188, 192, 188, 1], [196, 183, 196, 183, 1], [198, 161, 198, 198, 1], [1, 1, 1, 1, 190], [1, 1, 1, 1, 190], [183, 196, 196, 183, 1], [188, 192, 192, 188, 1], [196, 180, 192, 192, 1], [199, 182, 182, 195, 1], [188, 192, 192, 188, 1], [203, 178, 133, 222, 1]]}]}