{"energy_statevector": [-1.1166512474115222, -1.1166512474115213, -1.116651243785073, -0.16669246730467863, -0.16669248313035723, -1.1367682481117052, -1.136768247546139, -1.1372632894962993, -1.1372632895019195, -1.1372633383635302, -1.1372633383635282], "energy_uniform": [12.351150567190963, 12.507600148834243, 14.00098251906568, 618.1335446460316, 603.9461204709896, 1.7061758618892122, 1.423681419821897, 1.5142184228053233, 3.0260826912580496, 2.7942604544322593, 0.4034470270724886], "energy_vpsr": [13.264310187740348, 14.029766773781223, 13.783517866477109, 633.0798970288278, 620.3163692582193, 7.818528470511219, 9.707274685462112, 13.346301672252913, 4.252803049240663, 12.468120113936822, 12.007337558934456], "energy_vmsa": [13.12178474483272, 16.641204224608497, 13.171749698272393, 654.5555574915118, 627.6807540268571, 10.707241059517212, 7.803048575442762, 11.578914513353839, 12.524332591593058, 0.5051212941885261, 12.121366886714007], "std_uniform": [0.9529201791000572, 0.14222689240302433, 0.18489496012385498, 5.832179098170457, 5.192158082357082, 0.20432937770824133, 0.20996850007376155, 0.3233226199748215, 1.444528333198291, 1.7095477004199517, 0.011846813282711227], "std_vpsr": [0.3950413037775604, 0.16975082343449532, 0.42906895389279587, 18.811918023950057, 35.94549924081514, 1.0410472777412805, 0.2461117088042606, 0.9720797320826993, 0.001002422823341842, 2.328325659530643, 0.6108455198154372], "std_vmsa": [1.3622366821936636, 0.14061347453266038, 0.6392746757829828, 61.6689556397219, 26.509117099344678, 0.03154691424939049, 0.5462544903977253, 0.7754176750077484, 0.595841571139565, 0.44488372472251697, 1.176857010418468]}