{"pool_name": "QE", "initial_energy": -7.8625676, "fci_energy": -7.869863827996727, "data_list": [{"energies_statevector": [-7.8625676], "energies_uniform": [-7.862577102110937], "energies_vmsa": [-7.862554256537338], "energies_vpsr": [-7.862587320740289], "std_uniform": [0.0007858615532159703], "std_vmsa": [0.0006869755244457832], "std_vpsr": [0.0008260313154501932], "shots_uniform": [[1024, 1024, 1024, 1024, 1024, 1024, 1024, 1024, 1024]], "shots_vmsa": [[403, 401, 418, 423, 1767, 1762, 1548, 1594, 1]], "shots_vpsr": [[260, 261, 280, 295, 1124, 1162, 1027, 1027, 1]]}, {"energies_statevector": [-7.862567599999997, -7.862567600516427, -7.772583356357052, -7.772583354685058, -7.8665429042074875, -7.866542904282142, -7.866625673038635, -7.8666256730372295, -7.866625702256732, -7.866625702256736], "energies_uniform": [-7.862555651123632, -7.862573836688671, -7.77255898175254, -7.772462798073633, -7.8665478260685555, -7.866595784578125, -7.866606549079688, -7.866640405172657, -7.866711729901758, -7.866603123964063], "energies_vmsa": [-7.862554062598944, -7.86256536696748, -7.772600015137415, -7.772556401231583, -7.867491416878314, -7.86650077919302, -7.866562197693543, -7.866615081806895, -7.866604158253184, -7.866634486782745], "energies_vpsr": [-7.862541353217964, -7.862534954779491, -7.772417467690839, -7.772350863954547, -7.866561877754576, -7.866616492529669, -7.866479966617087, -7.866693043416215, -7.866675732561231, -7.8666865361433285], "std_uniform": [0.0007745763280376082, 0.0008169662199970549, 0.005839953104900762, 0.005684600831709373, 0.0018460999027909435, 0.0018421632632550468, 0.002080207529573582, 0.0020521529868046066, 0.0019915033453334545, 0.0020465916681670897], "std_vmsa": [0.0006793149306144817, 0.0006545489079971313, 0.0031908834275087053, 0.003255526465482126, 0.02859627319777992, 0.0016007409521833769, 0.0015152299936504231, 0.001447720952707, 0.0014863576888756514, 0.0015134144432921914], "std_vpsr": [0.0008482195788072872, 0.0008717262606226326, 0.005889765440938709, 0.006050428443772123, 0.0017473154024429214, 0.0017832611502095763, 0.0020000513942549894, 0.002460709379825838, 0.0020497066614436964, 0.0021915565409240025], "shots_uniform": [[1024, 1024, 1024, 1024, 1024, 1024, 1024, 1024, 1024], [1024, 1024, 1024, 1024, 1024, 1024, 1024, 1024, 1024], [1024, 1024, 1024, 1024, 1024, 1024, 1024, 1024, 1024], [1024, 1024, 1024, 1024, 1024, 1024, 1024, 1024, 1024], [1024, 1024, 1024, 1024, 1024, 1024, 1024, 1024, 1024], [1024, 1024, 1024, 1024, 1024, 1024, 1024, 1024, 1024], [1024, 1024, 1024, 1024, 1024, 1024, 1024, 1024, 1024], [1024, 1024, 1024, 1024, 1024, 1024, 1024, 1024, 1024], [1024, 1024, 1024, 1024, 1024, 1024, 1024, 1024, 1024], [1024, 1024, 1024, 1024, 1024, 1024, 1024, 1024, 1024]], "shots_vmsa": [[396, 396, 435, 445, 1748, 1760, 1562, 1573, 1], [398, 395, 448, 423, 1757, 1757, 1570, 1567, 1], [90, 90, 99, 93, 172, 110, 4807, 410, 2445], [85, 85, 99, 95, 214, 74, 4730, 386, 2547], [283, 280, 327, 323, 1146, 1166, 3674, 1116, 1], [305, 305, 349, 330, 1325, 1305, 1208, 1207, 1982], [206, 206, 224, 226, 877, 816, 2657, 818, 2284], [183, 183, 197, 205, 748, 748, 3657, 725, 1669], [177, 175, 198, 193, 776, 739, 3749, 699, 1609], [201, 200, 211, 211, 864, 851, 2421, 798, 2559]], "shots_vpsr": [[260, 261, 304, 284, 1149, 1145, 1025, 1021, 1], [261, 261, 279, 284, 1141, 1144, 1026, 1025, 1], [22, 22, 24, 25, 33, 33, 1249, 104, 651], [22, 22, 25, 24, 39, 50, 1244, 104, 712], [123, 121, 128, 129, 500, 530, 1478, 490, 1116], [112, 113, 119, 128, 468, 452, 1369, 446, 1252], [123, 123, 137, 142, 510, 481, 1486, 484, 1118], [73, 73, 78, 83, 312, 296, 1579, 290, 473], [88, 88, 97, 93, 379, 368, 1570, 345, 801], [91, 91, 106, 103, 372, 378, 1571, 359, 829]]}, {"energies_statevector": [-7.866625702256729, -7.866625702256736, -7.866625701820167, -7.75529738581011, -7.755297384143477, -7.755297387676325, -7.869102485615112, -7.86910248556375, -7.8691024855472955, -7.869221549910387, -7.8692215499019005, -7.869221549907073, -7.869222868893384, -7.869222868894139, -7.8692228688927885, -7.8692228792713, -7.869222879271271, -7.869222879271358], "energies_uniform": [-7.866598600645508, -7.866640793689844, -7.866562275696484, -7.7551759320648435, -7.755157076138281, -7.755406506632031, -7.869113830600586, -7.868899942439843, -7.869153864120508, -7.86934775689668, -7.86907238149922, -7.869204527570313, -7.869138794777734, -7.8693245565328125, -7.869169767457617, -7.869101996655469, -7.869138717802149, -7.869310792763477], "energies_vmsa": [-7.866585585463503, -7.866642562718384, -7.86681482584896, -7.7551843563135865, -7.755235951362923, -7.755386458006738, -7.869116984500561, -7.869149144156799, -7.869106724673498, -7.869198639399748, -7.869171598480837, -7.869198070658631, -7.869079610071231, -7.869201247816656, -7.8691124948733595, -7.869161615342573, -7.869279753671244, -7.869275492190984], "energies_vpsr": [-7.866576820220844, -7.866503769952519, -7.866527195166413, -7.755058579691806, -7.755392020410487, -7.755259466629189, -7.869033555503538, -7.8690492369202, -7.869313593578367, -7.869320361093449, -7.869196124055476, -7.869140445225761, -7.86923400423502, -7.869280893630303, -7.869263983105601, -7.869242158746034, -7.869230282098042, -7.86929497980954], "std_uniform": [0.0020644373564566764, 0.002031169173138437, 0.0019422324233411246, 0.006088258130801506, 0.006131959117720332, 0.006192526203645777, 0.002447348683843861, 0.0024028599540371703, 0.002510636735676836, 0.0023584509159344847, 0.002366894452589354, 0.0024013284712605452, 0.002279479399368095, 0.0023683116178098702, 0.0024330308302656463, 0.0023659823216820473, 0.002454490094717618, 0.002350464781860433], "std_vmsa": [0.0015024736325367253, 0.001470149518471161, 0.029652974118670936, 0.0036165431642667095, 0.0037101906687428752, 0.0036258247458541646, 0.001813619650553419, 0.002273367006510206, 0.00197568230584387, 0.0018184993411468281, 0.001926897945168962, 0.002131665899692181, 0.0018170201685071016, 0.0020757891731332774, 0.0018677973494268102, 0.001812604177179636, 0.0018526165379640386, 0.0021378266744836393], "std_vpsr": [0.02922973273354836, 0.002269107496689785, 0.002445747673748633, 0.006318498975421594, 0.0064228623218450165, 0.006636045394286889, 0.003180559539048482, 0.0027254275666243294, 0.0031000729035491124, 0.003480332859961525, 0.0027321842347831724, 0.0025468571110272378, 0.0025481560659727192, 0.0028040899094279852, 0.0035717820894755454, 0.0025504338995618677, 0.0024168068142920414, 0.002695087207382767], "shots_uniform": [[1024, 1024, 1024, 1024, 1024, 1024, 1024, 1024, 1024], [1024, 1024, 1024, 1024, 1024, 1024, 1024, 1024, 1024], [1024, 1024, 1024, 1024, 1024, 1024, 1024, 1024, 1024], [1024, 1024, 1024, 1024, 1024, 1024, 1024, 1024, 1024], [1024, 1024, 1024, 1024, 1024, 1024, 1024, 1024, 1024], [1024, 1024, 1024, 1024, 1024, 1024, 1024, 1024, 1024], [1024, 1024, 1024, 1024, 1024, 1024, 1024, 1024, 1024], [1024, 1024, 1024, 1024, 1024, 1024, 1024, 1024, 1024], [1024, 1024, 1024, 1024, 1024, 1024, 1024, 1024, 1024], [1024, 1024, 1024, 1024, 1024, 1024, 1024, 1024, 1024], [1024, 1024, 1024, 1024, 1024, 1024, 1024, 1024, 1024], [1024, 1024, 1024, 1024, 1024, 1024, 1024, 1024, 1024], [1024, 1024, 1024, 1024, 1024, 1024, 1024, 1024, 1024], [1024, 1024, 1024, 1024, 1024, 1024, 1024, 1024, 1024], [1024, 1024, 1024, 1024, 1024, 1024, 1024, 1024, 1024], [1024, 1024, 1024, 1024, 1024, 1024, 1024, 1024, 1024], [1024, 1024, 1024, 1024, 1024, 1024, 1024, 1024, 1024], [1024, 1024, 1024, 1024, 1024, 1024, 1024, 1024, 1024]],