{"pool_name": "QE", "initial_energy": -7.8625676, "fci_energy": -7.869863827996727, "data_list": [{"energies_statevector": [-7.8625676], "energies_uniform": [-7.86248455868457], "energies_vmsa": [-7.862438238476493], "energies_vpsr": [-7.8625503570370405], "std_uniform": [0.0008231644355164692], "std_vmsa": [0.0006657921144101674], "std_vpsr": [0.004343051644803768], "shots_uniform": [[1024, 1024, 1024, 1024, 1024, 1024, 1024, 1024, 1024]], "shots_vmsa": [[400, 401, 450, 427, 1763, 1738, 1567, 1571, 1]], "shots_vpsr": [[258, 261, 286, 299, 1153, 1150, 1005, 1030, 1]]}, {"energies_statevector": [-7.862567599999997, -7.862567600516427, -7.772583356357052, -7.772583354685058, -7.8665429042074875, -7.866542904282142, -7.866625673038635, -7.8666256730372295, -7.866625702256732, -7.866625702256736], "energies_uniform": [-7.862378884223243, -7.862332478016016, -7.7725728373638665, -7.772619252621485, -7.866249348836134, -7.866248459539844, -7.866364961561328, -7.866436099983008, -7.866427581769532, -7.86632649606465], "energies_vmsa": [-7.862267124128651, -7.862201124540512, -7.772396840883728, -7.772218983737129, -7.866343207459431, -7.867073743044824, -7.8663870226060295, -7.866334851319377, -7.86650238928949, -7.866384480718283], "energies_vpsr": [-7.862215901199204, -7.862422623534194, -7.772783772599304, -7.772430650955796, -7.866277413963759, -7.8662924682536834, -7.86638552115401, -7.8663929619416555, -7.866408983371024, -7.867079578006517], "std_uniform": [0.0008702477154974386, 0.0008705315081795385, 0.005687406094076625, 0.005956252852580138, 0.001828233518447591, 0.0018513707039262443, 0.0020962437521572304, 0.002068624584774443, 0.0020858545619627314, 0.0020585353686376016], "std_vmsa": [0.0007305044888760714, 0.0007303183416225909, 0.0031354284567924255, 0.0031711254914194, 0.0013425898093827379, 0.027872074378604294, 0.001948777053991492, 0.0015040067115129117, 0.0014694704758201186, 0.0016412905410294134], "std_vpsr": [0.0009173851959647689, 0.006082918725485396, 0.006062683764240217, 0.005969282796058619, 0.002329805681144104, 0.0019242810869134711, 0.0024601005329915873, 0.002203701515985791, 0.0020819818651535045, 0.031987367372923445], "shots_uniform": [[1024, 1024, 1024, 1024, 1024, 1024, 1024, 1024, 1024], [1024, 1024, 1024, 1024, 1024, 1024, 1024, 1024, 1024], [1024, 1024, 1024, 1024, 1024, 1024, 1024, 1024, 1024], [1024, 1024, 1024, 1024, 1024, 1024, 1024, 1024, 1024], [1024, 1024, 1024, 1024, 1024, 1024, 1024, 1024, 1024], [1024, 1024, 1024, 1024, 1024, 1024, 1024, 1024, 1024], [1024, 1024, 1024, 1024, 1024, 1024, 1024, 1024, 1024], [1024, 1024, 1024, 1024, 1024, 1024, 1024, 1024, 1024], [1024, 1024, 1024, 1024, 1024, 1024, 1024, 1024, 1024], [1024, 1024, 1024, 1024, 1024, 1024, 1024, 1024, 1024]], "shots_vmsa": [[400, 396, 445, 433, 1760, 1760, 1553, 1569, 1], [392, 380, 445, 456, 1762, 1758, 1568, 1555, 1], [83, 82, 92, 90, 143, 124, 4747, 381, 2574], [85, 86, 95, 96, 129, 180, 4631, 409, 2605], [234, 233, 243, 251, 895, 986, 3039, 919, 1516], [221, 221, 232, 261, 933, 921, 4659, 869, 1], [260, 263, 292, 293, 1074, 1133, 1035, 1046, 2920], [194, 194, 202, 219, 830, 815, 3340, 760, 1763], [207, 207, 222, 203, 871, 871, 3580, 815, 1339], [262, 263, 292, 308, 1137, 1092, 1521, 1046, 2395]], "shots_vpsr": [[218, 219, 238, 248, 966, 968, 1369, 862, 1], [261, 261, 289, 285, 1145, 1142, 1025, 1027, 1], [22, 22, 26, 25, 50, 34, 1266, 103, 622], [22, 22, 24, 25, 50, 46, 1251, 97, 692], [150, 148, 162, 164, 636, 640, 589, 598, 1666], [91, 91, 104, 97, 381, 390, 1570, 359, 829], [63, 64, 66, 66, 259, 264, 1535, 249, 578], [95, 95, 98, 103, 403, 416, 1565, 377, 861], [79, 80, 84, 88, 348, 338, 1377, 318, 1139], [69, 69, 77, 75, 280, 265, 1459, 275, 1]]}, {"energies_statevector": [-7.866625702256729, -7.866625702256736, -7.866625701820167, -7.75529738581011, -7.755297384143477, -7.755297387676325, -7.869102485615112, -7.86910248556375, -7.8691024855472955, -7.869221549910387, -7.8692215499019005, -7.869221549907073, -7.869222868893384, -7.869222868894139, -7.8692228688927885, -7.8692228792713, -7.869222879271271, -7.869222879271358], "energies_uniform": [-7.866298838970118, -7.866219658231445, -7.866114069714844, -7.754943291608203, -7.754394505463477, -7.754780248618359, -7.8688112807445325, -7.868504608365625, -7.868733811915235, -7.868767538776172, -7.86890970249961, -7.868799930121875, -7.868831797085742, -7.868861501103711, -7.8688059834222654, -7.8687710770636725, -7.868889865561329, -7.8689092928132816], "energies_vmsa": [-7.866227190494278, -7.86640605013236, -7.866273314365101, -7.754912522439993, -7.754786552462369, -7.754777911147946, -7.868668970374467, -7.868598614613991, -7.868727274267047, -7.868651795765522, -7.868853970727047, -7.868906213599645, -7.868706606722979, -7.8687725787475795, -7.868701256293814, -7.868852879303936, -7.868690754084392, -7.868831240912759], "energies_vpsr": [-7.86619559082094, -7.866221653808767, -7.866209749465353, -7.754670753168555, -7.754940945050963, -7.754783844487914, -7.868731202286196, -7.868551523830059, -7.86864594086816, -7.868862014330437, -7.868830171387874, -7.868854204454321, -7.868813741706518, -7.868883156775752, -7.868910960215938, -7.86889148066695, -7.868824413869712, -7.868805543989685], "std_uniform": [0.002083799147520876, 0.0020562631643459032, 0.0021154218900147313, 0.006269424040169332, 0.005805407479116446, 0.006231272508966215, 0.002480031445615449, 0.002479837664779932, 0.0024940514709775857, 0.0025424139430726867, 0.0024601594035082, 0.002498480863534098, 0.002420446320310997, 0.0023966099539829574, 0.0024194702331308167, 0.002503201630365539, 0.002388822337401086, 0.0024173231331625676], "std_vmsa": [0.0015205478211359875, 0.03004189232362787, 0.0015284466955055203, 0.0037545441782347155, 0.005444117052108504, 0.003658773901505404, 0.0018855056567738825, 0.0018577873988090729, 0.0019598576490947347, 0.0018078234848914344, 0.001753116885277827, 0.001819893327781527, 0.0018684951857164838, 0.0019057631300412887, 0.001877606462736936, 0.0021927772917360094, 0.03380685844169557, 0.0019547507039129938], "std_vpsr": [0.0026938737928465075, 0.0022563415710787154, 0.0025113291820215247, 0.006461317365678409, 0.006313117378893722, 0.006223862011723452, 0.0032600299625900313, 0.0025372901106802746, 0.002746471322463185, 0.0030534716166372286, 0.0030980178530350235, 0.0032552880695521044, 0.0026426855092458634, 0.002814161860624283, 0.003114029628606814, 0.0030484472225440463, 0.002845165154483271, 0.0026690859440997535], "shots_uniform": [[1024, 1024, 1024, 1024, 1024, 1024, 1024, 1024, 1024], [1024, 1024, 1024, 1024, 1024, 1024, 1024, 1024, 1024], [1024, 1024, 1024, 1024, 1024, 1024, 1024, 1024, 1024], [1024, 1024, 1024, 1024, 1024, 1024, 1024, 1024, 1024], [1024, 1024, 1024, 1024, 1024, 1024, 1024, 1024, 1024], [1024, 1024, 1024, 1024, 1024, 1024, 1024, 1024, 1024], [1024, 1024, 1024, 1024, 1024, 1024, 1024, 1024, 1024], [1024, 1024, 1024, 1024, 1024, 1024, 1024, 1024, 1024], [1024, 1024, 1024, 1024, 1024, 1024, 1024, 1024, 1024], [1024, 1024, 1024, 1024, 1024, 1024, 1024, 1024, 1024], [1024, 1024, 1024, 1024, 1024, 1024, 1024, 1024, 1024], [1024, 1024, 1024, 1024, 1024, 1024, 1024, 1024, 1024], [1024, 1024, 1024, 1024, 1024, 1024, 1024, 1024, 1024], [1024, 1024, 1024, 1024, 1024, 1024, 1024, 1024, 1024], [1024, 1024, 1024, 1024, 1024, 1024, 1024, 1024, 1024], [1024, 1024, 1024, 1024, 1024, 1024, 1024, 1024, 1024], [1024, 1024, 1024, 1024, 1024, 1024, 1024, 1024, 1024], [1024, 1024, 1024, 1024, 1024, 1024, 1024, 1024, 1024]],