{"pool_name": "QE", "initial_energy": -1.1166512474115222, "fci_energy": -1.1372633383635353, "data_list": [{"energies_statevector": [-1.1166512474115222], "energies_uniform": [-1.1166512474115222], "energies_vmsa": [-1.1166512474115222], "energies_vpsr": [-1.1166512474115222], "std_uniform": [0.0], "std_vmsa": [0.0], "std_vpsr": [0.0], "shots_uniform": [[500, 500]], "shots_vmsa": [[327, 327]], "shots_vpsr": [[327, 327]]}, {"energies_statevector": [-1.1166512474115213, -1.116651243785073, -0.16669246730467863, -0.16669248313035723, -1.1367682481117052, -1.136768247546139, -1.1372632894962993, -1.1372632895019195, -1.1372633383635302, -1.1372633383635282], "energies_uniform": [-1.1166512474115222, -1.1166512474115222, 0.03428056402420546, 0.027982715534817043, -1.1040555504327454, -1.1087789367997867, -1.1024810883103981, -1.0930343155763156, -1.0898853913316215, -1.09618323982101], "energies_vmsa": [-1.1166512474115222, -1.1166512474115222, 0.00876785126617291, -0.00810138575897451, -1.1046140752223241, -1.0981754163839796, -1.0973917719088053, -1.0917490403743997, -1.094984337470966, -1.1046140752223241], "energies_vpsr": [-1.1166512474115222, -1.1166512474115222, -0.03380688979729449, 0.001538178255395456, -1.099799206346645, -1.1005853073875722, -1.087762034157447, -1.099799206346645, -1.0925523373755972, -1.0901694685952865], "std_uniform": [0.0, 0.0, 0.02361693183520644, 0.0015744621223471034, 0.0031489242446942622, 0.004723386367041282, 0.0015744621223471311, 0.007872310611735434, 0.011021234856429696, 0.0015744621223471311], "std_vmsa": [0.0, 0.0, 0.005623079008382492, 0.014459346021554964, 0.0024074344378394175, 0.0008032970011975227, 0.0, 0.002409891003592568, 0.0072223033135189185, 0.0024074344378394175], "std_vpsr": [0.0, 0.0, 0.01927912802873996, 0.003213188004789952, 0.0072223033135186965, 0.0, 0.0, 0.0024074344378397505, 0.0016065940023950454, 0.016852041064877032], "shots_uniform": [[500, 500], [500, 500], [500, 500], [500, 500], [500, 500], [500, 500], [500, 500], [500, 500], [500, 500], [500, 500]], "shots_vmsa": [[327, 327], [327, 327], [980, 1], [980, 1], [327, 327], [980, 1], [327, 327], [980, 1], [327, 327], [327, 327]], "shots_vpsr": [[327, 327], [327, 327], [490, 1], [490, 1], [327, 327], [490, 1], [327, 327], [327, 327], [490, 1], [327, 327]]}]}