{"pool_name": "QE", "initial_energy": -0.8413485984542795, "fci_energy": -0.9663345447803098, "data_list": [{"energies_statevector": [-0.8413485984542795], "energies_uniform": [-0.8413369908971579], "energies_vmsa": [-0.8414422018693278], "energies_vpsr": [-0.8413441617818096], "std_uniform": [0.003800407893737347], "std_vmsa": [0.003626071087778822], "std_vpsr": [0.004212770977215927], "shots_uniform": [[1024, 1024, 1024, 1024, 1024]], "shots_vmsa": [[1158, 1157, 1148, 1157, 1]], "shots_vpsr": [[911, 928, 929, 929, 1]]}, {"energies_statevector": [-0.841348598454279, -0.8413485935527785, -0.8124305368691761, -0.8124305421420388, -0.9663191109023609, -0.9663191108412202, -0.966334112698392, -0.9663341127086227, -0.9663345447803086, -0.9663345447803081], "energies_uniform": [-0.841463357704584, -0.8413491967819662, -0.812475229538925, -0.8125154276814767, -0.9662608112286689, -0.9662718071736598, -0.966568507174271, -0.966050647320149, -0.9662163781145063, -0.9663631487226119], "energies_vmsa": [-0.8416284827437749, -0.8414814065587316, -0.8123676283909965, -0.8124191558918126, -0.96639540806546, -0.9662081219178472, -0.9664055869254526, -0.9663519521855076, -0.9664338082615261, -0.9665506197330066], "energies_vpsr": [-0.841252664100568, -0.8415334222247676, -0.8120001008243253, -0.8123669116230433, -0.966497444221678, -0.9663413576041895, -0.9666218603725352, -0.9664675441699992, -0.9664499646599671, -0.9660108839099066], "std_uniform": [0.003802607242125973, 0.0038429203954515522, 0.005225279967394063, 0.005035026650933919, 0.005033492285735991, 0.004949721124368027, 0.0049868587816425235, 0.004955321567454295, 0.004920595263087312, 0.005267910703523006], "std_vmsa": [0.0036210760911078587, 0.0037533345726274577, 0.0038883913861184048, 0.0036832488428193222, 0.004291982607187642, 0.004292697084061408, 0.004207422224004361, 0.004380615968855382, 0.004408430209101515, 0.004110798859080099], "std_vpsr": [0.004163217839513053, 0.00397688089897639, 0.006014920804555587, 0.005973833716497464, 0.005420366442713869, 0.005160778871520355, 0.005127099056036583, 0.00510185194491211, 0.005080343559089255, 0.005612072839877897], "shots_uniform": [[1024, 1024, 1024, 1024, 1024], [1024, 1024, 1024, 1024, 1024], [1024, 1024, 1024, 1024, 1024], [1024, 1024, 1024, 1024, 1024], [1024, 1024, 1024, 1024, 1024], [1024, 1024, 1024, 1024, 1024], [1024, 1024, 1024, 1024, 1024], [1024, 1024, 1024, 1024, 1024], [1024, 1024, 1024, 1024, 1024], [1024, 1024, 1024, 1024, 1024]], "shots_vmsa": [[1134, 1153, 1166, 1168, 1], [1158, 1158, 1147, 1157, 1], [585, 302, 423, 368, 2942], [440, 440, 315, 383, 3041], [624, 550, 490, 646, 2309], [613, 561, 465, 588, 2393], [712, 557, 557, 667, 2127], [560, 636, 587, 612, 2226], [503, 556, 530, 643, 2388], [520, 684, 455, 622, 2339]], "shots_vpsr": [[923, 924, 924, 924, 1], [905, 931, 930, 930, 1], [143, 174, 200, 223, 1332], [168, 168, 234, 168, 1331], [420, 237, 309, 407, 1456], [433, 399, 340, 417, 1484], [466, 413, 364, 302, 1477], [433, 417, 340, 476, 1486], [365, 415, 365, 383, 1482], [212, 317, 337, 373, 1442]]}]}