{"pool_name": "QE", "initial_energy": -1.1166512474115224, "fci_energy": -1.1372633383635353, "data_list": [{"energies_statevector": [-1.1166512474115224], "energies_uniform": [-1.1166512474115224], "energies_vmsa": [-1.1166512474115224], "energies_vpsr": [-1.1166512474115224], "std_uniform": [0.0], "std_vmsa": [0.0], "std_vpsr": [0.0], "shots_uniform": [[5000000, 5000000]], "shots_vmsa": [[9998000, 1]], "shots_vpsr": [[4999000, 1]]}, {"energies_statevector": [-1.1166512474115216, -1.1166512437850733, -0.16669246730467863, -0.16669248313035734, -1.1367682481403338, -1.1367682475747674, -1.1372632894913415, -1.1372632894969612, -1.137263338363534, -1.1372633383635333], "energies_uniform": [-1.1166512474115224, -1.1166512474115224, -0.0018274512285205646, -0.0017907158782819587, -1.1022866044511979, -1.10226779277776, -1.0964876841148357, -1.0965034665231501, -1.096560613200343, -1.0965689389560458], "energies_vmsa": [-1.1166512474115224, -1.1166512474115224, -0.0017917301052700597, -0.001796416641853471, -1.1022864931068994, -1.1022789215787094, -1.096496538571077, -1.0964982582276457, -1.096568206675886, -1.0965554163364604], "energies_vpsr": [-1.1166512474115224, -1.1166512474115224, -0.0017879537898375752, -0.0018581510528559275, -1.102267850895853, -1.1022807388714575, -1.096497433044457, -1.0965095021359812, -1.0965654382177832, -1.0965680775441655], "std_uniform": [0.0, 0.0, 0.00027722873165032515, 0.00033498460738266123, 5.9694531231642085e-05, 6.52955926125859e-05, 8.001715009790229e-05, 8.660121994478579e-05, 6.373422951303372e-05, 8.347700200301229e-05], "std_vmsa": [0.0, 0.0, 0.0002472295733767308, 0.00020274250575309753, 4.180056724971299e-05, 4.2129772969273884e-05, 6.00530970772304e-05, 5.659617365444521e-05, 5.3407784766682714e-05, 6.271368761466201e-05], "std_vpsr": [0.0, 0.0, 0.00030118289831624614, 0.0003266897054542442, 7.240169335056811e-05, 6.862726416885841e-05, 6.510527157464971e-05, 9.111614447219691e-05, 6.173551159317432e-05, 8.442496418976258e-05], "shots_uniform": [[5000000, 5000000], [5000000, 5000000], [5000000, 5000000], [5000000, 5000000], [5000000, 5000000], [5000000, 5000000], [5000000, 5000000], [5000000, 5000000], [5000000, 5000000], [5000000, 5000000]], "shots_vmsa": [[9998000, 1], [9998000, 1], [9998000, 1], [9998000, 1], [9998000, 1], [9998000, 1], [9998000, 1], [9998000, 1], [9998000, 1], [9998000, 1]], "shots_vpsr": [[4999000, 1], [4999000, 1], [4999000, 1], [4999000, 1], [4999000, 1], [4999000, 1], [4999000, 1], [4999000, 1], [4999000, 1], [4999000, 1]]}]}