{"pool_name": "QE", "initial_energy": -0.2898, "fci_energy": -1.2775555229656779, "data_list": [{"energies_statevector": [-0.2898], "energies_uniform": [-0.28983972160556787], "energies_vmsa": [-0.2897709049398327], "energies_vpsr": [-0.2899184738911748], "std_uniform": [0.0013007086568970804], "std_vmsa": [0.0010023793305546692], "std_vpsr": [0.0013336470312579], "shots_uniform": [[16667, 16667, 16666]], "shots_vmsa": [[24954, 24746, 1]], "shots_vpsr": [[16585, 16548, 1]]}]}