{"pool_name": "QE", "initial_energy": -0.8413485984542795, "fci_energy": -0.9663345447803098, "data_list": [{"energies_statevector": [-0.8413485984542795], "energies_uniform": [-0.8413674962873576], "energies_vmsa": [-0.8409763105088782], "energies_vpsr": [-0.841465932706666], "std_uniform": [0.003825679028750445], "std_vmsa": [0.008057852162381057], "std_vpsr": [0.003953379676487355], "shots_uniform": [[1024, 1024, 1024, 1024, 1024]], "shots_vmsa": [[1164, 1154, 1151, 1151, 1]], "shots_vpsr": [[924, 924, 922, 926, 1]]}, {"energies_statevector": [-0.841348598454279, -0.8413485935527785, -0.8124305368691761, -0.8124305421420388, -0.9663191109023609, -0.9663191108412202, -0.966334112698392, -0.9663341127086227, -0.9663345447803086, -0.9663345447803081], "energies_uniform": [-0.8399082478786816, -0.8401392112564979, -0.810769071259387, -0.810719949048281, -0.9644544466402182, -0.9641953527777279, -0.9638078220443658, -0.9643942856702475, -0.9639814394567836, -0.9641098330632821], "energies_vmsa": [-0.8401847031767847, -0.8402583535864353, -0.8108408548238233, -0.8107700388124678, -0.964360042025647, -0.9643037390264912, -0.9639832593434651, -0.9642324811262488, -0.9640994559955993, -0.9641502348503077], "energies_vpsr": [-0.8401399274078099, -0.839690014127708, -0.8111928988567092, -0.8107618361691554, -0.9642328485678593, -0.9643828599339562, -0.9640429067711159, -0.9642680829809656, -0.9642784606797841, -0.9642617550172654], "std_uniform": [0.00403392261932768, 0.004058580804761907, 0.005268320190258272, 0.005195345400194134, 0.005095235957048079, 0.005205339767428, 0.005137994140337623, 0.0049671446854050805, 0.005172834134463253, 0.0052658599423683556], "std_vmsa": [0.004037917695374368, 0.0041970735742303976, 0.003933817416216577, 0.004103382062081373, 0.004360942347572502, 0.004265717374168421, 0.004443416761275344, 0.004378542133937652, 0.004258210211783557, 0.004272403940707684], "std_vpsr": [0.004704786109706071, 0.03812173943370953, 0.005885645574517429, 0.005880994593576646, 0.005059512910003168, 0.0052287209901084415, 0.005497248548888671, 0.005544653723415127, 0.00580632604315288, 0.0053734276201164635], "shots_uniform": [[1024, 1024, 1024, 1024, 1024], [1024, 1024, 1024, 1024, 1024], [1024, 1024, 1024, 1024, 1024], [1024, 1024, 1024, 1024, 1024], [1024, 1024, 1024, 1024, 1024], [1024, 1024, 1024, 1024, 1024], [1024, 1024, 1024, 1024, 1024], [1024, 1024, 1024, 1024, 1024], [1024, 1024, 1024, 1024, 1024], [1024, 1024, 1024, 1024, 1024]], "shots_vmsa": [[1020, 1029, 1025, 1030, 515], [1011, 1010, 1005, 1009, 584], [390, 320, 543, 620, 2747], [597, 532, 454, 454, 2583], [679, 556, 556, 473, 2357], [743, 459, 553, 580, 2285], [671, 607, 531, 700, 2110], [468, 517, 539, 440, 2656], [580, 524, 553, 605, 2359], [572, 545, 545, 596, 2361]], "shots_vpsr": [[728, 725, 728, 708, 1354], [927, 918, 923, 927, 1], [269, 207, 180, 180, 1360], [164, 164, 228, 164, 1325], [466, 408, 354, 392, 1486], [441, 425, 457, 296, 1481], [356, 303, 475, 233, 1451], [442, 377, 327, 307, 1471], [248, 290, 308, 436, 1445], [339, 364, 387, 387, 1477]]}]}