{"pool_name": "QE", "initial_energy": -7.8625676, "fci_energy": -7.869863827996727, "data_list": [{"energies_statevector": [-7.8625676], "energies_uniform": [-7.862588661405663], "energies_vmsa": [-7.8625941225399325], "energies_vpsr": [-7.862573364496258], "std_uniform": [0.0007922729772826215], "std_vmsa": [0.0006351664008009337], "std_vpsr": [0.0008198443620902817], "shots_uniform": [[1024, 1024, 1024, 1024, 1024, 1024, 1024, 1024, 1024]], "shots_vmsa": [[401, 386, 437, 447, 1766, 1757, 1542, 1580, 1]], "shots_vpsr": [[260, 260, 289, 298, 1154, 1148, 1028, 1010, 1]]}]}