{"pool_name": "QE", "initial_energy": -0.8413485984542795, "fci_energy": -0.9663345447803098, "data_list": [{"energies_statevector": [-0.8413485984542795], "energies_uniform": [-0.8400442440973237], "energies_vmsa": [-0.8385783665746352], "energies_vpsr": [-0.8419549072080585], "std_uniform": [0.003417263085424605], "std_vmsa": [0.0021718887923084193], "std_vpsr": [0.003440487435266928], "shots_uniform": [[1024, 1024, 1024, 1024, 1024]], "shots_vmsa": [[1153, 1153, 1157, 1157, 1]], "shots_vpsr": [[924, 929, 922, 922, 1]]}, {"energies_statevector": [-0.841348598454279, -0.8413485935527785, -0.8124305368691761, -0.8124305421420388, -0.9663191109023609, -0.9663191108412202, -0.966334112698392, -0.9663341127086227, -0.9663345447803086, -0.9663345447803081], "energies_uniform": [-0.8403434079406622, -0.8434427453576487, -0.8131967522213804, -0.8125434975830241, -0.9645251083766123, -0.9659363822460296, -0.9662216081095428, -0.9647705068922352, -0.9671693345989014, -0.9688933129731654], "energies_vmsa": [-0.8398530493893466, -0.8423609090821647, -0.81113070033347, -0.8120910099716088, -0.9647387353906203, -0.9664166388350687, -0.966609471495308, -0.9667264874602421, -0.9646690963381813, -0.9662592223099095], "energies_vpsr": [-0.8422972049332378, -0.8387767444297225, -0.8123907356134182, -0.8120165549630081, -0.9668879676309494, -0.966933890264268, -0.9665965238978776, -0.9653488629751893, -0.9653232655479513, -0.9644287503594839], "std_uniform": [0.004685696612852801, 0.0043395053494524015, 0.0036195544931036786, 0.0032707387447200864, 0.005508395627696008, 0.004987744354503164, 0.0028306007192142038, 0.006317281288199229, 0.004615549837812456, 0.003389052277287102], "std_vmsa": [0.003609944297728422, 0.003947937906244782, 0.003904726586504426, 0.004739137862698076, 0.003602807379974609, 0.003829506072485469, 0.004136613529486112, 0.0027179606047884686, 0.004946004233080747, 0.004540555542629889], "std_vpsr": [0.00419919125807037, 0.0037532042645762624, 0.0035050196402677, 0.006624525971203816, 0.005873875891008164, 0.0060565927739026915, 0.0019723445712558282, 0.005487129711591331, 0.0059095460406005055, 0.006195142357796743], "shots_uniform": [[1024, 1024, 1024, 1024, 1024], [1024, 1024, 1024, 1024, 1024], [1024, 1024, 1024, 1024, 1024], [1024, 1024, 1024, 1024, 1024], [1024, 1024, 1024, 1024, 1024], [1024, 1024, 1024, 1024, 1024], [1024, 1024, 1024, 1024, 1024], [1024, 1024, 1024, 1024, 1024], [1024, 1024, 1024, 1024, 1024], [1024, 1024, 1024, 1024, 1024]], "shots_vmsa": [[1146, 1161, 1153, 1159, 1], [1153, 1159, 1150, 1158, 1], [629, 308, 479, 375, 2830], [371, 305, 427, 681, 2836], [491, 625, 551, 602, 2350], [514, 593, 569, 593, 2350], [639, 661, 639, 590, 2091], [620, 505, 620, 620, 2255], [638, 569, 658, 594, 2160], [535, 564, 684, 592, 2245]], "shots_vpsr": [[928, 916, 928, 925, 1], [924, 924, 925, 924, 1], [285, 219, 265, 319, 1420], [103, 264, 226, 226, 1350], [441, 468, 375, 468, 1491], [375, 325, 261, 261, 1442], [364, 408, 394, 364, 1482], [468, 432, 515, 468, 1493], [209, 350, 437, 312, 1446], [379, 393, 328, 379, 1477]]}]}