{"pool_name": "QE", "initial_energy": -1.1166512474115222, "fci_energy": -1.1372633383635353, "data_list": [{"energies_statevector": [-1.1166512474115222], "energies_uniform": [-1.1166512474115222], "energies_vmsa": [-1.1166512474115222], "energies_vpsr": [-1.1166512474115222], "std_uniform": [0.0], "std_vmsa": [0.0], "std_vpsr": [0.0], "shots_uniform": [[500, 500]], "shots_vmsa": [[327, 327]], "shots_vpsr": [[327, 327]]}, {"energies_statevector": [-1.1166512474115213, -1.116651243785073, -0.16669246730467863, -0.16669248313035723, -1.1367682481117052, -1.136768247546139, -1.1372632894962993, -1.1372632895019195, -1.1372633383635302, -1.1372633383635282], "energies_uniform": [-1.1166512474115222, -1.1166512474115222, 0.007514707944304786, 0.0027913215772635003, -1.0930343155763156, -1.0946087776986628, -1.099332164065704, -1.0977577019433569, -1.1056300125550924, -1.0946087776986628], "energies_vmsa": [-1.1166512474115222, -1.1166512474115222, 0.030456870298505412, 0.007161257263777948, -1.1022066407844844, -1.1046140752223241, -1.0925769030331263, -1.1022066407844848, -1.0949843374709658, -1.0949843374709658], "energies_vpsr": [-1.1166512474115222, -1.1166512474115222, -0.014527761768554526, 0.001538178255395456, -1.1070215096601639, -1.0925769030331263, -1.087762034157447, -1.0949843374709658, -1.099799206346645, -1.0853545997196075], "std_uniform": [0.0, 0.0, 0.028340318202247725, 0.0015744621223471034, 0.0015744621223471311, 0.009446772734082565, 0.00157446212234702, 0.0031489242446941512, 0.004723386367041282, 0.0], "std_vmsa": [0.0, 0.0, 0.009639564014369995, 0.023295613034727408, 0.004814868875679168, 0.0072223033135188075, 0.004814868875679168, 0.0, 0.0024074344378395285, 0.0024074344378395285], "std_vpsr": [0.0, 0.0, 0.009639564014369995, 0.003213188004789952, 0.009629737751358447, 0.004814868875679168, 0.009629737751358336, 0.0024074344378395285, 0.0072223033135186965, 0.012037172189197864], "shots_uniform": [[500, 500], [500, 500], [500, 500], [500, 500], [500, 500], [500, 500], [500, 500], [500, 500], [500, 500], [500, 500]], "shots_vmsa": [[327, 327], [327, 327], [980, 1], [980, 1], [327, 327], [327, 327], [327, 327], [327, 327], [327, 327], [327, 327]], "shots_vpsr": [[327, 327], [327, 327], [490, 1], [490, 1], [327, 327], [327, 327], [327, 327], [327, 327], [327, 327], [327, 327]]}]}