{"pool_name": "QE", "initial_energy": -7.8625676, "fci_energy": -7.869863827996727, "data_list": [{"energies_statevector": [-7.8625676], "energies_uniform": [-7.8625962851609374], "energies_vmsa": [-7.862567468359806], "energies_vpsr": [-7.862576673229215], "std_uniform": [0.0008005307718584371], "std_vmsa": [0.0006732216293505362], "std_vpsr": [0.0008667328056668027], "shots_uniform": [[1024, 1024, 1024, 1024, 1024, 1024, 1024, 1024, 1024]], "shots_vmsa": [[401, 400, 407, 441, 1766, 1760, 1563, 1577, 1]], "shots_vpsr": [[263, 263, 278, 289, 1158, 1151, 1029, 995, 1]]}, {"energies_statevector": [-7.862567599999997, -7.862567600516427, -7.772583356357052, -7.772583354685058, -7.8665429042074875, -7.866542904282142, -7.866625673038635, -7.8666256730372295, -7.866625702256732, -7.866625702256736], "energies_uniform": [-7.862636263067383, -7.862537316867186, -7.7726946444542975, -7.772396003991602, -7.866437621201172, -7.866642090787501, -7.866706253654297, -7.866574993175, -7.866701749074219, -7.866539227089844], "energies_vmsa": [-7.862588228912068, -7.862545817599649, -7.772604967112947, -7.772576947211642, -7.8665760089964625, -7.867027724145602, -7.866627537694634, -7.865359861825087, -7.866591785026763, -7.866600962785175], "energies_vpsr": [-7.862622224338853, -7.862562071378646, -7.77272726869291, -7.772565464507452, -7.866527044719965, -7.866406106430656, -7.866580301491906, -7.866900785554487, -7.866675336024151, -7.8666042092260735], "std_uniform": [0.0007821189111305618, 0.0007786179838972798, 0.005749481469968642, 0.00569444082653499, 0.0018321564507446904, 0.0018168416279202644, 0.002037971118309142, 0.0020516996042313847, 0.0020259980456147084, 0.0020652260045971663], "std_vmsa": [0.0006931111093700194, 0.0006816951603474146, 0.003061347063384371, 0.0030053468100730563, 0.0016672480849592446, 0.02667649148760762, 0.0014520456843894777, 0.024553537807600355, 0.001533057655166231, 0.0015257493057296938], "std_vpsr": [0.0008234660685195459, 0.0008525232980377449, 0.00622463581912491, 0.006026421689988542, 0.002181197701997912, 0.024674422827217, 0.002040734050131273, 0.03037559712670366, 0.002191091966834843, 0.0024139211206316478], "shots_uniform": [[1024, 1024, 1024, 1024, 1024, 1024, 1024, 1024, 1024], [1024, 1024, 1024, 1024, 1024, 1024, 1024, 1024, 1024], [1024, 1024, 1024, 1024, 1024, 1024, 1024, 1024, 1024], [1024, 1024, 1024, 1024, 1024, 1024, 1024, 1024, 1024], [1024, 1024, 1024, 1024, 1024, 1024, 1024, 1024, 1024], [1024, 1024, 1024, 1024, 1024, 1024, 1024, 1024, 1024], [1024, 1024, 1024, 1024, 1024, 1024, 1024, 1024, 1024], [1024, 1024, 1024, 1024, 1024, 1024, 1024, 1024, 1024], [1024, 1024, 1024, 1024, 1024, 1024, 1024, 1024, 1024], [1024, 1024, 1024, 1024, 1024, 1024, 1024, 1024, 1024]], "shots_vmsa": [[399, 396, 459, 453, 1743, 1739, 1569, 1558, 1], [398, 396, 434, 454, 1756, 1751, 1558, 1569, 1], [86, 85, 93, 95, 164, 179, 4648, 395, 2571], [86, 87, 96, 99, 131, 151, 4573, 403, 2689], [263, 262, 298, 295, 1055, 1151, 1037, 1035, 2921], [238, 241, 276, 273, 998, 1030, 4309, 951, 1], [180, 181, 191, 211, 771, 779, 4118, 712, 1171], [223, 219, 267, 248, 964, 902, 4605, 888, 1], [234, 236, 255, 270, 1007, 1024, 2844, 927, 1521], [153, 153, 170, 162, 616, 653, 3642, 608, 2159]], "shots_vpsr": [[260, 250, 280, 298, 1147, 1145, 1020, 1024, 1], [261, 261, 288, 280, 1147, 1143, 1018, 1029, 1], [23, 23, 26, 24, 44, 20, 1249, 106, 657], [23, 23, 26, 25, 52, 40, 1258, 105, 677], [77, 77, 86, 86, 321, 333, 1593, 304, 501], [120, 120, 139, 133, 522, 528, 1581, 479, 1], [123, 123, 135, 132, 530, 525, 1478, 484, 1122], [122, 122, 126, 138, 491, 504, 1582, 480, 1], [94, 94, 108, 105, 394, 397, 1628, 377, 614], [57, 56, 65, 59, 238, 239, 1517, 223, 517]]}, {"energies_statevector": [-7.866625702256729, -7.866625702256736, -7.866625701820167, -7.75529738581011, -7.755297384143477, -7.755297387676325, -7.869102485615112, -7.86910248556375, -7.8691024855472955, -7.869221549910387, -7.8692215499019005, -7.869221549907073, -7.869222868893384, -7.869222868894139, -7.8692228688927885, -7.8692228792713, -7.869222879271271, -7.869222879271358], "energies_uniform": [-7.866546849040234, -7.866635245908985, -7.86667962998418, -7.755301105608203, -7.75533647775879, -7.754846120240235, -7.869094180886329, -7.869059609023438, -7.869137694547852, -7.869211002262306, -7.869189772623243, -7.869260052774023, -7.869239759338672, -7.869161729004297, -7.869180743904102, -7.86919969305293, -7.869205758235937, -7.869222160306641], "energies_vmsa": [-7.866547302386076, -7.866557257415467, -7.86657520901315, -7.755187842123056, -7.755160635712326, -7.755291837723033, -7.869185094022694, -7.869043960451086, -7.869172070188271, -7.869240973688835, -7.869343604878513, -7.869244606098611, -7.869262901914518, -7.869248259861676, -7.869185432627017, -7.8691829454942015, -7.869185938221828, -7.869191023536206], "energies_vpsr": [-7.866532568511883, -7.865821480185103, -7.866580329650621, -7.755362399751937, -7.755430745327794, -7.755331293640431, -7.869178322508894, -7.869169338609663, -7.869035255863778, -7.869229362839941, -7.869249761447706, -7.8692389709970705, -7.869155332240842, -7.869095167260926, -7.870559919798728, -7.869260548899234, -7.869074557393474, -7.869238755186794], "std_uniform": [0.002056236769726919, 0.0020574998920818086, 0.002066371561909093, 0.005951362239384059, 0.006225695764884028, 0.006072330257280475, 0.002412288209875792, 0.0023350739856058756, 0.002410923703653003, 0.002353317252496032, 0.0023854492047617848, 0.0023265594537323236, 0.0022818491844332728, 0.002434970412579839, 0.002488017449577033, 0.002449136044973293, 0.002400360686579149, 0.0023245996884490756], "std_vmsa": [0.0014814930825911114, 0.001522907816244792, 0.0015103986728803435, 0.0037449600745834, 0.003712359700863132, 0.005387950211321489, 0.001999524721085419, 0.0017987026405122206, 0.0019274604892311224, 0.0017248422673188856, 0.0017591971766676105, 0.0018598906188221998, 0.001874551107234767, 0.001801181045919921, 0.0021115409657818125, 0.0018342313254935926, 0.0018429987499239896, 0.0017671098776779724], "std_vpsr": [0.002386455152625741, 0.026766784020180356, 0.0022636630225672224, 0.006409345477729955, 0.006653392400409529, 0.0065453044476452725, 0.0026536169571099244, 0.004200028414913052, 0.0026305043301494153, 0.003004302349890559, 0.0037393227520285174, 0.0035627366217200252, 0.003292516675081515, 0.0030903754692738184, 0.03744553155797745, 0.0026527771923258317, 0.002547980808139832, 0.0030347442730201423], "shots_uniform": [[1024, 1024, 1024, 1024, 1024, 1024, 1024, 1024, 1024], [1024, 1024, 1024, 1024, 1024, 1024, 1024, 1024, 1024], [1024, 1024, 1024, 1024, 1024, 1024, 1024, 1024, 1024], [1024, 1024, 1024, 1024, 1024, 1024, 1024, 1024, 1024], [1024, 1024, 1024, 1024, 1024, 1024, 1024, 1024, 1024], [1024, 1024, 1024, 1024, 1024, 1024, 1024, 1024, 1024], [1024, 1024, 1024, 1024, 1024, 1024, 1024, 1024, 1024], [1024, 1024, 1024, 1024, 1024, 1024, 1024, 1024, 1024], [1024, 1024, 1024, 1024, 1024, 1024, 1024, 1024, 1024], [1024, 1024, 1024, 1024, 1024, 1024, 1024, 1024, 1024], [1024, 1024, 1024, 1024, 1024, 1024, 1024, 1024, 1024], [1024, 1024, 1024, 1024, 1024, 1024, 1024, 1024, 1024], [1024, 1024, 1024, 1024, 1024, 1024, 1024, 1024, 1024], [1024, 1024, 1024, 1024, 1024, 1024, 1024, 1024, 1024], [1024, 1024, 1024, 1024, 1024, 1024, 1024, 1024, 1024], [1024, 1024, 1024, 1024, 1024, 1024, 1024, 1024, 1024], [1024, 1024, 1024, 1024, 1024, 1024, 1024, 1024, 1024], [1024, 1024, 1024, 1024, 1024, 1024, 1024, 1024, 1024]],