{"pool_name": "QE", "initial_energy": -7.8625676, "fci_energy": -7.869863827996727, "data_list": [{"energies_statevector": [-7.8625676], "energies_uniform": [-7.862493949525977], "energies_vmsa": [-7.8625378777736366], "energies_vpsr": [-7.862558031998591], "std_uniform": [0.0007878141470325183], "std_vmsa": [0.0006789241344752122], "std_vpsr": [0.000876805488361694], "shots_uniform": [[1024, 1024, 1024, 1024, 1024, 1024, 1024, 1024, 1024]], "shots_vmsa": [[400, 402, 428, 437, 1769, 1763, 1576, 1542, 1]], "shots_vpsr": [[261, 261, 295, 282, 1147, 1145, 1028, 1020, 1]]}]}