{"pool_name": "QE", "initial_energy": -0.8413485984542795, "fci_energy": -0.9663345447803098, "data_list": [{"energies_statevector": [-0.8413485984542795], "energies_uniform": [-0.8413485984542795], "energies_vmsa": [-0.8413485984542795], "energies_vpsr": [-0.8413485984542795], "std_uniform": [0.0], "std_vmsa": [0.0], "std_vpsr": [0.0], "shots_uniform": [[5000, 5000]], "shots_vmsa": [[9800, 1]], "shots_vpsr": [[4900, 1]]}, {"energies_statevector": [-0.841348598454279, -0.8413485935527785, -0.8124305368691761, -0.8124305421420388, -0.9663191109023609, -0.9663191108412202, -0.966334112698392, -0.9663341127086227, -0.9663345447803086, -0.9663345447803081], "energies_uniform": [-0.8413485984542795, -0.8413485984542795, -0.5894327750430647, -0.5892194377190749, -0.7670005410438561, -0.7691339142837533, -0.7667516474992013, -0.7674983281331654, -0.7657205170999176, -0.766111635527232], "energies_vmsa": [-0.8413485984542795, -0.8413485984542795, -0.5908767929843557, -0.5892622503113042, -0.7701817343376349, -0.768349500517655, -0.7672066219962814, -0.7666986759867821, -0.7678596954370663, -0.7672247629251921], "energies_vpsr": [-0.8413485984542795, -0.8413485984542795, -0.5901692967568387, -0.5871579025576639, -0.7710343579964375, -0.7682769368020123, -0.7695105199679394, -0.7676238633612273, -0.7684583460911192, -0.7686034735224047], "std_uniform": [0.0, 0.0, 0.0014578050472632276, 0.0011022428406135543, 0.00017778110332478114, 0.000746680633964103, 0.0036267345078255797, 0.0009600179579537516, 0.0018133672539127899, 0.00021333732398975958], "std_vmsa": [0.0, 0.0, 0.0016871063886942927, 0.00018140928910692633, 0.0006349325118741866, 0.0005079460094994381, 0.0015056970995874774, 0.0014331333839446847, 0.0004898050805887122, 0.0008707645877131798], "std_vpsr": [0.0, 0.0, 0.0009070464455346317, 0.0016689654597836778, 0.00014512743128547445, 0.0004353822938566454, 0.0002902548625710599, 0.0, 0.0014149924550339588, 0.002430884474032724], "shots_uniform": [[5000, 5000], [5000, 5000], [5000, 5000], [5000, 5000], [5000, 5000], [5000, 5000], [5000, 5000], [5000, 5000], [5000, 5000], [5000, 5000]], "shots_vmsa": [[9800, 1], [9800, 1], [9800, 1], [9800, 1], [9800, 1], [9800, 1], [9800, 1], [9800, 1], [9800, 1], [9800, 1]], "shots_vpsr": [[4900, 1], [4900, 1], [4900, 1], [4900, 1], [4900, 1], [4900, 1], [4900, 1], [4900, 1], [4900, 1], [4900, 1]]}]}