{"pool_name": "QE", "initial_energy": -7.8625676, "fci_energy": -7.869863827996727, "data_list": [{"energies_statevector": [-7.8625676], "energies_uniform": [-7.861858161334376], "energies_vmsa": [-7.861785658483255], "energies_vpsr": [-7.861668004824958], "std_uniform": [0.0010467794759982947], "std_vmsa": [0.0009113337478355184], "std_vpsr": [0.004771493906673359], "shots_uniform": [[1024, 1024, 1024, 1024, 1024, 1024, 1024, 1024, 1024]], "shots_vmsa": [[366, 366, 415, 426, 1609, 1584, 1439, 1425, 688]], "shots_vpsr": [[229, 229, 239, 250, 1008, 1007, 1313, 892, 1]]}]}