{"pool_name": "QE", "initial_energy": -7.8625676, "fci_energy": -7.869863827996727, "data_list": [{"energies_statevector": [-7.8625676], "energies_uniform": [-7.862560059378906], "energies_vmsa": [-7.8625510564753816], "energies_vpsr": [-7.862591946700046], "std_uniform": [0.0007929668059259658], "std_vmsa": [0.000670638005565854], "std_vpsr": [0.0008458600315097842], "shots_uniform": [[1024, 1024, 1024, 1024, 1024, 1024, 1024, 1024, 1024]], "shots_vmsa": [[395, 395, 484, 466, 1738, 1740, 1545, 1553, 1]], "shots_vpsr": [[262, 262, 301, 276, 1155, 1144, 1032, 1007, 1]]}, {"energies_statevector": [-7.862567599999997, -7.862567600516427, -7.772583356357052, -7.772583354685058, -7.8665429042074875, -7.866542904282142, -7.866625673038635, -7.8666256730372295, -7.866625702256732, -7.866625702256736], "energies_uniform": [-7.862553824405077, -7.862528613940234, -7.77285912337793, -7.772612693313673, -7.866512433427735, -7.866503002710156, -7.866524680930079, -7.866550306322071, -7.866554940528711, -7.8666460131867195], "energies_vmsa": [-7.862521130230421, -7.862517768289446, -7.7725474599596325, -7.772679398661701, -7.86652039702627, -7.866447634741766, -7.866593579312958, -7.866579024938352, -7.866589205050863, -7.866630630526682], "energies_vpsr": [-7.8625199512823825, -7.862558579312515, -7.772752818173396, -7.772335314347673, -7.865755806262024, -7.86663302747335, -7.866741937372937, -7.866569439819924, -7.86644804721573, -7.866782532953753], "std_uniform": [0.0008407814387660162, 0.0007986336483946664, 0.005815666185693709, 0.005875685885443227, 0.0018376580586400946, 0.0018663858820689241, 0.002084330364159722, 0.0020354925964581683, 0.0020615901926581094, 0.002135649346952952], "std_vmsa": [0.0006787542450863291, 0.0006990142194845001, 0.003067251882256351, 0.0031535570865867143, 0.0013912271968610473, 0.001699185316402199, 0.001545608816566721, 0.0014793189594080414, 0.0014076415757258002, 0.001440010899999891], "std_vpsr": [0.0008165307281320121, 0.0008454047470798017, 0.006073531595820233, 0.0060749123311909375, 0.022468022917975318, 0.002004604741907183, 0.0022384401230752735, 0.0023080060398790038, 0.0020240635572074286, 0.0024070406931272796], "shots_uniform": [[1024, 1024, 1024, 1024, 1024, 1024, 1024, 1024, 1024], [1024, 1024, 1024, 1024, 1024, 1024, 1024, 1024, 1024], [1024, 1024, 1024, 1024, 1024, 1024, 1024, 1024, 1024], [1024, 1024, 1024, 1024, 1024, 1024, 1024, 1024, 1024], [1024, 1024, 1024, 1024, 1024, 1024, 1024, 1024, 1024], [1024, 1024, 1024, 1024, 1024, 1024, 1024, 1024, 1024], [1024, 1024, 1024, 1024, 1024, 1024, 1024, 1024, 1024], [1024, 1024, 1024, 1024, 1024, 1024, 1024, 1024, 1024], [1024, 1024, 1024, 1024, 1024, 1024, 1024, 1024, 1024], [1024, 1024, 1024, 1024, 1024, 1024, 1024, 1024, 1024]], "shots_vmsa": [[399, 402, 437, 439, 1762, 1741, 1579, 1556, 1], [399, 400, 422, 448, 1757, 1747, 1571, 1571, 1], [85, 84, 94, 87, 128, 203, 4692, 390, 2553], [84, 85, 90, 91, 191, 128, 4599, 389, 2659], [181, 182, 196, 205, 742, 797, 2992, 705, 2317], [307, 308, 325, 330, 1288, 1332, 1206, 1229, 1993], [191, 191, 219, 211, 770, 836, 3914, 753, 1232], [156, 157, 168, 167, 651, 656, 3743, 617, 2000], [194, 195, 228, 215, 833, 778, 3335, 769, 1769], [203, 202, 216, 231, 861, 884, 3559, 816, 1343]], "shots_vpsr": [[262, 261, 264, 294, 1150, 1140, 1024, 1019, 1], [260, 258, 285, 287, 1145, 1145, 1024, 1024, 1], [24, 24, 27, 27, 41, 41, 1263, 111, 664], [22, 22, 26, 24, 39, 43, 1252, 103, 674], [267, 267, 292, 318, 1111, 1141, 1053, 1053, 1], [82, 82, 91, 90, 352, 339, 1439, 328, 1058], [87, 88, 103, 91, 331, 348, 1565, 348, 799], [177, 177, 184, 188, 738, 738, 699, 703, 1619], [91, 91, 104, 101, 381, 370, 1494, 359, 1005], [58, 58, 63, 60, 248, 248, 1509, 230, 643]]}, {"energies_statevector": [-7.866625702256729, -7.866625702256736, -7.866625701820167, -7.75529738581011, -7.755297384143477, -7.755297387676325, -7.869102485615112, -7.86910248556375, -7.8691024855472955, -7.869221549910387, -7.8692215499019005, -7.869221549907073, -7.869222868893384, -7.869222868894139, -7.8692228688927885, -7.8692228792713, -7.869222879271271, -7.869222879271358], "energies_uniform": [-7.86656502994375, -7.866580261188086, -7.866731585261524, -7.754942243350586, -7.754939162715234, -7.755417148319726, -7.869120243746485, -7.8690510666617195, -7.869090881760352, -7.869274813348243, -7.869111901205079, -7.869243744341407, -7.86913186129629, -7.869135449861133, -7.869256342383009, -7.869226858254688, -7.869198386209961, -7.8692993517837895], "energies_vmsa": [-7.866289304362878, -7.866585908443079, -7.866561491798275, -7.755336671061539, -7.7551407936610275, -7.7551645175333395, -7.869100986777668, -7.869086472605157, -7.86904246417141, -7.869198330136262, -7.869152414238699, -7.869151234647361, -7.869192000669074, -7.869108020562021, -7.869220129833659, -7.8691980280357585, -7.869205045974468, -7.8691553173213675], "energies_vpsr": [-7.865436801672198, -7.86673024557632, -7.8665170139114355, -7.755488094420851, -7.755639174144324, -7.755298251675673, -7.869006253671547, -7.869183311242245, -7.869114152627958, -7.869339859497829, -7.869334600927227, -7.869082569221607, -7.8691406138010915, -7.869172427295287, -7.869226506872606, -7.869154687828631, -7.86930412298088, -7.869235550763889], "std_uniform": [0.00198046456828323, 0.002108946967443561, 0.0021071698169618405, 0.006196118979471256, 0.006151688912171348, 0.006082747238383314, 0.0024404237529917464, 0.0023667772547793686, 0.002470760347850991, 0.0023974626211670192, 0.0024681542115252693, 0.0024425842229195676, 0.0024429952424101023, 0.0024528481154502822, 0.002308849745526137, 0.0024459711856498275, 0.0023166133540972783, 0.002506122571191503], "std_vmsa": [0.02827777292358554, 0.0014804152731677995, 0.0014370731742925742, 0.003919245166964261, 0.003733257506826279, 0.003630869073186242, 0.0019099608705926256, 0.0020459817762583867, 0.0021364973266886963, 0.0021022248073977877, 0.0018442100174911184, 0.0021183211824700133, 0.0018665070660338835, 0.001854638872745912, 0.0018667757950031518, 0.0017960932124209633, 0.0018273924443394365, 0.0018882503861124634], "std_vpsr": [0.025373502104794842, 0.00205502325974494, 0.0021794312090829605, 0.006825446523441244, 0.006448884294969491, 0.006059298273167866, 0.003647644737962042, 0.0031396561850618974, 0.0029308277034172446, 0.0027049534350759357, 0.0025636380222661564, 0.0031583464143466094, 0.002441159179856591, 0.0027972905087643323, 0.0026534208631252706, 0.0030471688029773893, 0.002434697338833989, 0.002669690021029484], "shots_uniform": [[1024, 1024, 1024, 1024, 1024, 1024, 1024, 1024, 1024], [1024, 1024, 1024, 1024, 1024, 1024, 1024, 1024, 1024], [1024, 1024, 1024, 1024, 1024, 1024, 1024, 1024, 1024], [1024, 1024, 1024, 1024, 1024, 1024, 1024, 1024, 1024], [1024, 1024, 1024, 1024, 1024, 1024, 1024, 1024, 1024], [1024, 1024, 1024, 1024, 1024, 1024, 1024, 1024, 1024], [1024, 1024, 1024, 1024, 1024, 1024, 1024, 1024, 1024], [1024, 1024, 1024, 1024, 1024, 1024, 1024, 1024, 1024], [1024, 1024, 1024, 1024, 1024, 1024, 1024, 1024, 1024], [1024, 1024, 1024, 1024, 1024, 1024, 1024, 1024, 1024], [1024, 1024, 1024, 1024, 1024, 1024, 1024, 1024, 1024], [1024, 1024, 1024, 1024, 1024, 1024, 1024, 1024, 1024], [1024, 1024, 1024, 1024, 1024, 1024, 1024, 1024, 1024], [1024, 1024, 1024, 1024, 1024, 1024, 1024, 1024, 1024], [1024, 1024, 1024, 1024, 1024, 1024, 1024, 1024, 1024], [1024, 1024, 1024, 1024, 1024, 1024, 1024, 1024, 1024], [1024, 1024, 1024, 1024, 1024, 1024, 1024, 1024, 1024], [1024, 1024, 1024, 1024, 1024, 1024, 1024, 1024, 1024]],