{"pool_name": "QE", "initial_energy": -0.8413485984542795, "fci_energy": -0.9663345447803098, "data_list": [{"energies_statevector": [-0.8413485984542795], "energies_uniform": [-0.8413485984542795], "energies_vmsa": [-0.8413485984542795], "energies_vpsr": [-0.8413485984542795], "std_uniform": [0.0], "std_vmsa": [0.0], "std_vpsr": [0.0], "shots_uniform": [[5000, 5000]], "shots_vmsa": [[9800, 1]], "shots_vpsr": [[4900, 1]]}, {"energies_statevector": [-0.841348598454279, -0.8413485935527785, -0.8124305368691761, -0.8124305421420388, -0.9663191109023609, -0.9663191108412202, -0.966334112698392, -0.9663341127086227, -0.9663345447803086, -0.9663345447803081], "energies_uniform": [-0.8413485984542795, -0.8413485984542795, -0.5895749999257245, -0.5918505980482817, -0.7715161810683054, -0.7703428257863619, -0.7671072097058509, -0.767000541043856, -0.7696672575937277, -0.7673916594711705], "energies_vmsa": [-0.8413485984542795, -0.8413485984542795, -0.5891715456667507, -0.5899516056099104, -0.7673698903564777, -0.7686760372380476, -0.7651385561004626, -0.7676238633612275, -0.7670977764228173, -0.7699821841196173], "energies_vpsr": [-0.8413485984542795, -0.8413485984542795, -0.58810123086102, -0.5895162233160538, -0.7678415545081557, -0.7691477013897255, -0.7688574465271544, -0.7672973266408349, -0.7691114195319041, -0.7684946279489406], "std_uniform": [0.0, 0.0, 0.0024533792258820686, 0.0013155801646033138, 0.0016355861505880087, 0.000746680633964103, 0.000497787089309476, 0.0003911184273145407, 0.0008533492959589273, 0.0], "std_vmsa": [0.0, 0.0, 0.002122488682550938, 0.00014512743128547445, 0.0005079460094993271, 0.0006893552986063645, 0.0004898050805887122, 0.00018140928910692633, 0.0016871063886942927, 0.0013061468815698252], "std_vpsr": [0.0, 0.0, 0.0010158920189987652, 0.0001088455734641336, 0.0005079460094993271, 0.002684857478782443, 0.0007982008720704981, 0.00025397300474971907, 0.0018503747488906042, 0.0011610194502842397], "shots_uniform": [[5000, 5000], [5000, 5000], [5000, 5000], [5000, 5000], [5000, 5000], [5000, 5000], [5000, 5000], [5000, 5000], [5000, 5000], [5000, 5000]], "shots_vmsa": [[9800, 1], [9800, 1], [9800, 1], [9800, 1], [9800, 1], [9800, 1], [9800, 1], [9800, 1], [9800, 1], [9800, 1]], "shots_vpsr": [[4900, 1], [4900, 1], [4900, 1], [4900, 1], [4900, 1], [4900, 1], [4900, 1], [4900, 1], [4900, 1], [4900, 1]]}]}