{"pool_name": "QE", "initial_energy": -1.1166512474115222, "fci_energy": -1.1372633383635353, "data_list": [{"energies_statevector": [-1.1166512474115222], "energies_uniform": [-1.1161288830595537], "energies_vmsa": [-1.115834904113742], "energies_vpsr": [-1.1160721799663815], "std_uniform": [0.0034477938863356366], "std_vmsa": [0.0023629857677727527], "std_vpsr": [0.002401120256499592], "shots_uniform": [[1024, 1024, 1024, 1024, 1024]], "shots_vmsa": [[1155, 1155, 1155, 1155, 1]], "shots_vpsr": [[924, 925, 923, 923, 1]]}, {"energies_statevector": [-1.1166512474115213, -1.116651243785073, -0.16669246730467863, -0.16669248313035723, -1.1367682481117052, -1.136768247546139, -1.1372632894962993, -1.1372632895019195, -1.1372633383635302, -1.1372633383635282], "energies_uniform": [-1.1180766823380799, -1.1173152698928377, -0.16583741297063473, -0.1674006552567144, -1.137315809543492, -1.1371726656689958, -1.1358795504486978, -1.1334451350022554, -1.1413782022218038, -1.1374817243852244], "energies_vmsa": [-1.1162828581454072, -1.1158913988161343, -0.16471655028262114, -0.1620102843502211, -1.1359004392338408, -1.1387903485331585, -1.0003829112213054, -1.1568888527437173, -1.1556960640452172, -1.136264351002782], "energies_vpsr": [-1.1174053477286328, -1.1165979553106273, -0.16523330823751614, -0.15842432551599733, -1.1525835363037336, -1.1516558424993666, -1.1351253149832932, -1.1580452094692926, -1.1377214149247972, -1.138363491729383], "std_uniform": [0.0029043290418185675, 0.002561516868341806, 0.01655235400325724, 0.013647167811654296, 0.006931190262243986, 0.005794778870484027, 0.003928734037826809, 0.006457867999779713, 0.0035267862241387805, 0.006165081489162188], "std_vmsa": [0.0014538898846803683, 0.0018282390869924076, 0.013597319557234483, 0.013072811826862853, 0.0027459609072332126, 0.005359835913040389, 0.4737893752207872, 0.001959426229671881, 0.0025365927882163614, 0.006347069354592994], "std_vpsr": [0.0016376073512601305, 0.0020323102169022243, 0.013417250072915117, 0.021347166612256455, 0.002983218610920702, 0.0037339055139881333, 0.005748921699903551, 0.003262680333435299, 0.005946665044030153, 0.0035913064350239503], "shots_uniform": [[1024, 1024, 1024, 1024, 1024], [1024, 1024, 1024, 1024, 1024], [1024, 1024, 1024, 1024, 1024], [1024, 1024, 1024, 1024, 1024], [1024, 1024, 1024, 1024, 1024], [1024, 1024, 1024, 1024, 1024], [1024, 1024, 1024, 1024, 1024], [1024, 1024, 1024, 1024, 1024], [1024, 1024, 1024, 1024, 1024], [1024, 1024, 1024, 1024, 1024]], "shots_vmsa": [[1152, 1158, 1156, 1154, 1], [1155, 1157, 1153, 1155, 1], [99, 86, 145, 120, 4169], [93, 130, 149, 77, 4171], [523, 510, 512, 520, 2555], [607, 607, 611, 621, 2174], [1117, 1106, 1189, 1207, 1], [1151, 1151, 1172, 1146, 1], [1164, 1147, 1167, 1141, 1], [454, 448, 469, 464, 2785]], "shots_vpsr": [[922, 926, 923, 926, 1], [926, 929, 911, 929, 1], [25, 30, 30, 22, 1019], [36, 41, 28, 24, 1035], [903, 925, 938, 929, 1], [930, 922, 930, 914, 1], [288, 289, 290, 283, 1434], [917, 940, 926, 912, 1], [229, 231, 229, 231, 1385], [423, 399, 411, 426, 1491]]}]}