{"pool_name": "QE", "initial_energy": -7.8625676, "fci_energy": -7.869863827996727, "data_list": [{"energies_statevector": [-7.8625676], "energies_uniform": [-7.86257117310371], "energies_vmsa": [-7.862598572777433], "energies_vpsr": [-7.862557824155976], "std_uniform": [0.0008011712815244849], "std_vmsa": [0.000668051909988456], "std_vpsr": [0.0008287586545567235], "shots_uniform": [[1024, 1024, 1024, 1024, 1024, 1024, 1024, 1024, 1024]], "shots_vmsa": [[399, 395, 420, 451, 1756, 1756, 1570, 1569, 1]], "shots_vpsr": [[253, 259, 269, 296, 1142, 1144, 1023, 1023, 1]]}, {"energies_statevector": [-7.862567599999997, -7.862567600516427, -7.772583356357052, -7.772583354685058, -7.8665429042074875, -7.866542904282142, -7.866625673038635, -7.8666256730372295, -7.866625702256732, -7.866625702256736], "energies_uniform": [-7.8625759800935535, -7.862595690958399, -7.7727693364328125, -7.772806070902148, -7.866476656045898, -7.866540147218555, -7.866704444008985, -7.866647185664258, -7.866662341392188, -7.8665219261464845], "energies_vmsa": [-7.862566305739763, -7.862552430734695, -7.772476868099259, -7.772667165551719, -7.866569171815198, -7.8665785134709205, -7.866609834970554, -7.866745119156715, -7.866602662129949, -7.866675890203082], "energies_vpsr": [-7.862561662584673, -7.86257536748038, -7.772788455711228, -7.77272301298955, -7.866528955286553, -7.866541638401943, -7.866507133501761, -7.866612026064191, -7.866660479135661, -7.865672021998953], "std_uniform": [0.0007748031853091011, 0.0007935817068691736, 0.005774230573175003, 0.0057234881038237964, 0.0018234332715673387, 0.0018550472485110167, 0.002127376901935624, 0.0021359515447652946, 0.00208827706970685, 0.0021046080066040532], "std_vmsa": [0.0006434018110975318, 0.000664805828310965, 0.0030994044770133486, 0.003027170362053115, 0.001808870795248634, 0.0013310920649993198, 0.0019791198229794104, 0.0014782887555654352, 0.0014945658243503508, 0.0014430065304613176], "std_vpsr": [0.0008389008879747968, 0.000829348290043561, 0.00612811622448517, 0.006154557142025648, 0.0021825413177214603, 0.0019292968394997582, 0.029180691329109738, 0.0020063528803536284, 0.029278398184217326, 0.026093362418674864], "shots_uniform": [[1024, 1024, 1024, 1024, 1024, 1024, 1024, 1024, 1024], [1024, 1024, 1024, 1024, 1024, 1024, 1024, 1024, 1024], [1024, 1024, 1024, 1024, 1024, 1024, 1024, 1024, 1024], [1024, 1024, 1024, 1024, 1024, 1024, 1024, 1024, 1024], [1024, 1024, 1024, 1024, 1024, 1024, 1024, 1024, 1024], [1024, 1024, 1024, 1024, 1024, 1024, 1024, 1024, 1024], [1024, 1024, 1024, 1024, 1024, 1024, 1024, 1024, 1024], [1024, 1024, 1024, 1024, 1024, 1024, 1024, 1024, 1024], [1024, 1024, 1024, 1024, 1024, 1024, 1024, 1024, 1024], [1024, 1024, 1024, 1024, 1024, 1024, 1024, 1024, 1024]], "shots_vmsa": [[397, 397, 465, 436, 1750, 1746, 1564, 1562, 1], [399, 398, 430, 451, 1755, 1745, 1571, 1568, 1], [85, 86, 98, 92, 75, 227, 4712, 392, 2549], [89, 89, 98, 108, 135, 187, 4560, 412, 2637], [249, 249, 266, 280, 1058, 1065, 980, 986, 3183], [188, 188, 200, 205, 774, 709, 3225, 741, 2086], [253, 253, 274, 261, 1080, 999, 987, 997, 3212], [200, 200, 237, 219, 827, 856, 2431, 788, 2559], [169, 169, 182, 180, 737, 731, 3935, 673, 1540], [161, 161, 182, 182, 682, 690, 3834, 637, 1786]], "shots_vpsr": [[261, 261, 283, 278, 1145, 1149, 1013, 1026, 1], [257, 260, 276, 292, 1139, 1147, 1025, 1025, 1], [23, 23, 25, 25, 28, 35, 1227, 105, 726], [23, 23, 25, 25, 44, 58, 1262, 106, 684], [177, 178, 196, 204, 749, 762, 692, 703, 1619], [220, 220, 240, 245, 940, 945, 865, 868, 1420], [88, 88, 95, 95, 369, 383, 1526, 347, 1], [114, 115, 118, 127, 489, 492, 1507, 462, 1058], [88, 88, 94, 99, 356, 377, 1524, 348, 1], [89, 89, 102, 96, 373, 378, 1529, 351, 1]]}, {"energies_statevector": [-7.866625702256729, -7.866625702256736, -7.866625701820167, -7.75529738581011, -7.755297384143477, -7.755297387676325, -7.869102485615112, -7.86910248556375, -7.8691024855472955, -7.869221549910387, -7.8692215499019005, -7.869221549907073, -7.869222868893384, -7.869222868894139, -7.8692228688927885, -7.8692228792713, -7.869222879271271, -7.869222879271358], "energies_uniform": [-7.866626910663086, -7.86664945026211, -7.866693126541993, -7.755117893625391, -7.7550713283361326, -7.755716469869141, -7.869137862048047, -7.869181944957421, -7.869152084378711, -7.869257991873633, -7.869179273871094, -7.8692659752158205, -7.869161785325001, -7.869270619467773, -7.8691058977093755, -7.869160020750586, -7.869268255798634, -7.869307443249024], "energies_vmsa": [-7.866658140442251, -7.866473277195133, -7.86664684744139, -7.755174667789671, -7.7554305889708886, -7.755148169697613, -7.869107383407716, -7.869093539318846, -7.869220935846803, -7.869209610183889, -7.869144578055249, -7.869183123137351, -7.869383808265846, -7.869249012371018, -7.867534682552639, -7.868917596953252, -7.869154321794103, -7.8691187562459195], "energies_vpsr": [-7.867003475595528, -7.866703867970096, -7.866609659282682, -7.755381509050742, -7.755398149713154, -7.755550019387507, -7.869025446992026, -7.868996960442099, -7.8691150697179895, -7.869109239733016, -7.869298928213829, -7.869276260864893, -7.869143876225473, -7.8691882752618625, -7.869156814472496, -7.86929358210679, -7.869287290942475, -7.869183779550513], "std_uniform": [0.0020101558630979096, 0.00210594103580702, 0.002021168061649554, 0.005727788043639831, 0.006084109516762072, 0.006240792547706758, 0.0024121718147651536, 0.002390453130183014, 0.002425452441117254, 0.0023865960003887875, 0.0024067667834769685, 0.0024599810592641027, 0.0023887185132984586, 0.002403703802145771, 0.0023588208579709584, 0.0024262192064065796, 0.0023732400315837426, 0.002324627051928884], "std_vmsa": [0.0015029700248547623, 0.028528057310634323, 0.001525431568883316, 0.0036854791392065688, 0.0036782745068422757, 0.0037648929899085437, 0.0018571622334328066, 0.0019620934397737403, 0.002362796032334905, 0.0017828360698100476, 0.0017719319183512705, 0.00222366079686158, 0.0018153882693816548, 0.002178171571910943, 0.028541425813172344, 0.033050538669985335, 0.0017540441391230544, 0.0017862751719861243], "std_vpsr": [0.030302046640169653, 0.002260261927438854, 0.002603534958935005, 0.006312500221392957, 0.011247984110997053, 0.006521738555528696, 0.0025360730371377484, 0.0028434450571375018, 0.0031040534283732664, 0.0025428298654198386, 0.0024793791227923348, 0.0028136819939338633, 0.002749968695783658, 0.0026781363583548417, 0.002856846725636132, 0.0026205624814009303, 0.0028685429530997224, 0.0026515793505171334], "shots_uniform": [[1024, 1024, 1024, 1024, 1024, 1024, 1024, 1024, 1024], [1024, 1024, 1024, 1024, 1024, 1024, 1024, 1024, 1024], [1024, 1024, 1024, 1024, 1024, 1024, 1024, 1024, 1024], [1024, 1024, 1024, 1024, 1024, 1024, 1024, 1024, 1024], [1024, 1024, 1024, 1024, 1024, 1024, 1024, 1024, 1024], [1024, 1024, 1024, 1024, 1024, 1024, 1024, 1024, 1024], [1024, 1024, 1024, 1024, 1024, 1024, 1024, 1024, 1024], [1024, 1024, 1024, 1024, 1024, 1024, 1024, 1024, 1024], [1024, 1024, 1024, 1024, 1024, 1024, 1024, 1024, 1024], [1024, 1024, 1024, 1024, 1024, 1024, 1024, 1024, 1024], [1024, 1024, 1024, 1024, 1024, 1024, 1024, 1024, 1024], [1024, 1024, 1024, 1024, 1024, 1024, 1024, 1024, 1024], [1024, 1024, 1024, 1024, 1024, 1024, 1024, 1024, 1024], [1024, 1024, 1024, 1024, 1024, 1024, 1024, 1024, 1024], [1024, 1024, 1024, 1024, 1024, 1024, 1024, 1024, 1024], [1024, 1024, 1024, 1024, 1024, 1024, 1024, 1024, 1024], [1024, 1024, 1024, 1024, 1024, 1024, 1024, 1024, 1024], [1024, 1024, 1024, 1024, 1024, 1024, 1024, 1024, 1024]],