{"pool_name": "QE", "initial_energy": -0.2898, "fci_energy": -1.2775555229656779, "data_list": [{"energies_statevector": [-0.2898], "energies_uniform": [-0.28868505338932215], "energies_vmsa": [-0.2891510025531915], "energies_vpsr": [-0.28995306626137046], "std_uniform": [0.00444097525655589], "std_vmsa": [0.0033854112516622844], "std_vpsr": [0.00525173207247105], "shots_uniform": [[1667, 1667, 1666]], "shots_vmsa": [[2350, 2350, 1]], "shots_vpsr": [[1566, 1568, 1]]}]}