{"pool_name": "QE", "initial_energy": -0.8413485984542795, "fci_energy": -0.9663345447803098, "data_list": [{"energies_statevector": [-0.8413485984542795], "energies_uniform": [-0.8404407349677928], "energies_vmsa": [-0.8403912262341612], "energies_vpsr": [-0.8401550920155744], "std_uniform": [0.0038928235648011144], "std_vmsa": [0.0038163133830345954], "std_vpsr": [0.01646814613454653], "shots_uniform": [[1024, 1024, 1024, 1024, 1024]], "shots_vmsa": [[1030, 1016, 1031, 1026, 517]], "shots_vpsr": [[924, 923, 924, 924, 1]]}, {"energies_statevector": [-0.841348598454279, -0.8413485935527785, -0.8124305368691761, -0.8124305421420388, -0.9663191109023609, -0.9663191108412202, -0.966334112698392, -0.9663341127086227, -0.9663345447803086, -0.9663345447803081], "energies_uniform": [-0.8275830317404884, -0.8276017399414989, -0.7958459407224541, -0.7959776419916957, -0.9451346427633244, -0.9447056065424962, -0.9448677962370736, -0.945189799320784, -0.9449663020434684, -0.9449600588889356], "energies_vmsa": [-0.8267799112939173, -0.8277432478622061, -0.7958719694306533, -0.7956845073138831, -0.9450105932319367, -0.9449919605756207, -0.9448331076675166, -0.9451338851040862, -0.9453358714985765, -0.9448925512182146], "energies_vpsr": [-0.8279552453915, -0.8275533418651813, -0.7959055864352115, -0.7956204419501779, -0.9452906953758032, -0.9449567834808001, -0.9449710578061179, -0.9454259666066879, -0.9450404214589311, -0.9447683622696768], "std_uniform": [0.004850133841148376, 0.004761280180001962, 0.0057791218837778, 0.005555073181186081, 0.00547997034357778, 0.0054877711984734285, 0.005573872215889884, 0.005661658481044079, 0.005822481768426461, 0.005675888591587516], "std_vmsa": [0.1034889813124162, 0.00523054484125108, 0.00440037248750867, 0.004215162682211133, 0.004860069176220173, 0.00475988491351184, 0.004987453350679958, 0.00475621612375072, 0.004735911009868178, 0.00483838843097553], "std_vpsr": [0.00560783083460971, 0.00533068360811577, 0.006380054252803515, 0.006253269391496678, 0.005993072422144355, 0.005893399887677275, 0.006178781370931454, 0.005816825799386484, 0.0063695985374121085, 0.0060919855343615275], "shots_uniform": [[1024, 1024, 1024, 1024, 1024], [1024, 1024, 1024, 1024, 1024], [1024, 1024, 1024, 1024, 1024], [1024, 1024, 1024, 1024, 1024], [1024, 1024, 1024, 1024, 1024], [1024, 1024, 1024, 1024, 1024], [1024, 1024, 1024, 1024, 1024], [1024, 1024, 1024, 1024, 1024], [1024, 1024, 1024, 1024, 1024], [1024, 1024, 1024, 1024, 1024]], "shots_vmsa": [[1150, 1159, 1158, 1153, 1], [741, 734, 738, 732, 1675], [589, 519, 463, 589, 2459], [582, 461, 526, 526, 2526], [428, 643, 606, 606, 2337], [587, 608, 627, 627, 2172], [559, 451, 451, 451, 2708], [503, 616, 640, 468, 2393], [512, 512, 635, 635, 2327], [468, 468, 598, 598, 2488]], "shots_vpsr": [[968, 977, 975, 977, 597], [794, 786, 784, 778, 1267], [157, 157, 235, 288, 1356], [222, 222, 242, 242, 1387], [339, 339, 375, 420, 1476], [396, 410, 457, 365, 1487], [305, 400, 513, 438, 1480], [377, 443, 443, 457, 1491], [347, 231, 327, 292, 1439], [357, 309, 396, 368, 1472]]}]}