{"pool_name": "QE", "initial_energy": -1.1166512474115222, "fci_energy": -1.1372633383635353, "data_list": [{"energies_statevector": [-1.1166512474115222], "energies_uniform": [-1.117527757086859], "energies_vmsa": [-1.1167975487484432], "energies_vpsr": [-1.1176029681277468], "std_uniform": [0.003241312532844899], "std_vmsa": [0.002728101987195875], "std_vpsr": [0.0018777994686065868], "shots_uniform": [[1024, 1024, 1024, 1024, 1024]], "shots_vmsa": [[1158, 1155, 1159, 1148, 1]], "shots_vpsr": [[926, 921, 921, 928, 1]]}, {"energies_statevector": [-1.1166512474115213, -1.116651243785073, -0.16669246730467863, -0.16669248313035723, -1.1367682481117052, -1.136768247546139, -1.1372632894962993, -1.1372632895019195, -1.1372633383635302, -1.1372633383635282], "energies_uniform": [-1.117492342554522, -1.1167220764761958, -0.17141041092652448, -0.16373882911577106, -1.1334680571077802, -1.1370419533835032, -1.1381478390773103, -1.1392967191674874, -1.134750742649366, -1.1363222321029085], "energies_vmsa": [-1.117742287899489, -1.115678050209791, -0.16536589048451084, -0.1678690811369131, -1.1504626724537634, -1.135615162076361, -1.137120353572888, -1.1589076945312027, -1.136473049162144, -1.157486296640321], "energies_vpsr": [-1.1168782281617418, -1.115481185503961, -0.1684769691322186, -0.15584507476303558, -1.1361183125025214, -1.1509666159709682, -1.1376696413905225, -1.1355718196015645, -1.1393790136251747, -1.1358403535067725], "std_uniform": [0.0022447932300997567, 0.0018917792150953167, 0.02265023794017718, 0.01775405770084105, 0.006082661723903001, 0.0029002612845816203, 0.0060128534233602985, 0.005357791247983003, 0.005363914870277138, 0.007261548548814809], "std_vmsa": [0.0031014695666637046, 0.002506739800710072, 0.0069905100369615685, 0.009732216074263054, 0.0034945674578989124, 0.005919937931050854, 0.0044869128554287695, 0.0010380630757221775, 0.005985683729312673, 0.002467031641066743], "std_vpsr": [0.002631164456268424, 0.0033665012852486693, 0.015366048672621363, 0.027605737194236424, 0.008330021242440448, 0.0030032906296217584, 0.010221886615953524, 0.006467447708142857, 0.006555207699411699, 0.00429141931287843], "shots_uniform": [[1024, 1024, 1024, 1024, 1024], [1024, 1024, 1024, 1024, 1024], [1024, 1024, 1024, 1024, 1024], [1024, 1024, 1024, 1024, 1024], [1024, 1024, 1024, 1024, 1024], [1024, 1024, 1024, 1024, 1024], [1024, 1024, 1024, 1024, 1024], [1024, 1024, 1024, 1024, 1024], [1024, 1024, 1024, 1024, 1024], [1024, 1024, 1024, 1024, 1024]], "shots_vmsa": [[1154, 1155, 1155, 1156, 1], [1154, 1154, 1156, 1156, 1], [138, 130, 121, 130, 4100], [109, 119, 119, 86, 4186], [1155, 1099, 1204, 1162, 1], [494, 514, 519, 519, 2575], [397, 388, 397, 394, 3044], [1162, 1191, 1142, 1126, 1], [616, 609, 593, 621, 2181], [1134, 1194, 1105, 1186, 1]], "shots_vpsr": [[924, 924, 927, 921, 1], [926, 920, 926, 923, 1], [36, 29, 29, 22, 1025], [26, 39, 32, 19, 1025], [295, 293, 288, 291, 1437], [932, 918, 935, 910, 1], [285, 290, 288, 289, 1435], [431, 425, 429, 425, 1493], [429, 417, 429, 429, 1492], [421, 421, 402, 419, 1491]]}]}