{"pool_name": "QE", "initial_energy": -1.1166512474115222, "fci_energy": -1.1372633383635353, "data_list": [{"energies_statevector": [-1.1166512474115222], "energies_uniform": [-1.1173418307920904], "energies_vmsa": [-1.1158748642546934], "energies_vpsr": [-1.1183745125639883], "std_uniform": [0.002403170252220343], "std_vmsa": [0.0021012443126283277], "std_vpsr": [0.0027839239334880818], "shots_uniform": [[1024, 1024, 1024, 1024, 1024]], "shots_vmsa": [[1156, 1153, 1157, 1154, 1]], "shots_vpsr": [[927, 926, 915, 927, 1]]}, {"energies_statevector": [-1.1166512474115213, -1.116651243785073, -0.16669246730467863, -0.16669248313035723, -1.1367682481117052, -1.136768247546139, -1.1372632894962993, -1.1372632895019195, -1.1372633383635302, -1.1372633383635282], "energies_uniform": [-1.1150930079887016, -1.1156419332399223, -0.161437218165592, -0.16376775503970012, -1.1351874204851717, -1.138941027261161, -1.1366787424509532, -1.138564839111796, -1.1383499868930982, -1.1373507392858255], "energies_vmsa": [-1.1155273570137143, -1.1175014372035235, -0.16701842794594593, -0.16652052550350696, -1.1348156478333205, -1.151626952024467, -1.1382651498177814, -1.1570213987786018, -1.1349032134928267, -1.1559980576633955], "energies_vpsr": [-1.1165534226460188, -1.1157228233675354, -0.15663672924889765, -0.1742392729938212, -1.1511404522919846, -1.1516533468233014, -1.136184359060988, -1.1398997996866733, -1.1362462763398464, -1.1399256918176506], "std_uniform": [0.0032610227512696968, 0.002274263804184924, 0.022705095242638227, 0.01839833945360614, 0.002707419070904281, 0.004943440818730691, 0.0028371892855656375, 0.004883916209183109, 0.005974533755162552, 0.006246652054444534], "std_vmsa": [0.0024750421348146393, 0.001714950666400925, 0.009366453661720505, 0.008828061567127218, 0.005422493951347969, 0.0026212612539475385, 0.0028921224925485163, 0.0016167700956216304, 0.0055843250218825915, 0.00266249150825356], "std_vpsr": [0.0028162598741596438, 0.0026146495549387765, 0.031002790004820986, 0.021220646726443918, 0.002927503408186944, 0.0019705950986043767, 0.0037982524374489627, 0.0035805928602393043, 0.0068306143329351695, 0.004655876534384818], "shots_uniform": [[1024, 1024, 1024, 1024, 1024], [1024, 1024, 1024, 1024, 1024], [1024, 1024, 1024, 1024, 1024], [1024, 1024, 1024, 1024, 1024], [1024, 1024, 1024, 1024, 1024], [1024, 1024, 1024, 1024, 1024], [1024, 1024, 1024, 1024, 1024], [1024, 1024, 1024, 1024, 1024], [1024, 1024, 1024, 1024, 1024], [1024, 1024, 1024, 1024, 1024]], "shots_vmsa": [[1161, 1147, 1156, 1156, 1], [1168, 1129, 1163, 1160, 1], [117, 128, 137, 137, 4100], [120, 120, 120, 120, 4139], [393, 396, 390, 380, 3061], [1151, 1130, 1170, 1169, 1], [621, 613, 621, 621, 2145], [1145, 1130, 1181, 1164, 1], [605, 611, 601, 627, 2177], [1183, 1150, 1108, 1179, 1]], "shots_vpsr": [[933, 917, 926, 920, 1], [926, 924, 920, 926, 1], [27, 27, 29, 24, 1018], [27, 27, 19, 30, 1015], [935, 904, 921, 935, 1], [919, 922, 927, 928, 1], [225, 229, 230, 211, 1378], [399, 427, 431, 417, 1491], [295, 285, 288, 290, 1436], [281, 284, 289, 283, 1432]]}]}