{"pool_name": "QE", "initial_energy": -0.8413485984542795, "fci_energy": -0.9663345447803098, "data_list": [{"energies_statevector": [-0.8413485984542795], "energies_uniform": [-0.8421264244469594], "energies_vmsa": [-0.8424572723630117], "energies_vpsr": [-0.8396368705399953], "std_uniform": [0.004562145618917959], "std_vmsa": [0.0029633459874012324], "std_vpsr": [0.002254494883997502], "shots_uniform": [[1024, 1024, 1024, 1024, 1024]], "shots_vmsa": [[1160, 1146, 1155, 1160, 1]], "shots_vpsr": [[924, 923, 925, 924, 1]]}, {"energies_statevector": [-0.841348598454279, -0.8413485935527785, -0.8124305368691761, -0.8124305421420388, -0.9663191109023609, -0.9663191108412202, -0.966334112698392, -0.9663341127086227, -0.9663345447803086, -0.9663345447803081], "energies_uniform": [-0.8423059227529623, -0.8428085180097712, -0.8135920458129042, -0.81068337861902, -0.9670879223016815, -0.9651693460176258, -0.9650686926052747, -0.9634981245097907, -0.966990019786563, -0.9679077305620083], "energies_vmsa": [-0.8418155993755523, -0.8409229143627182, -0.8113689091083696, -0.8116567442923703, -0.9673638653519869, -0.9667168021263303, -0.9669476893009878, -0.9689568308271561, -0.9663432966874682, -0.9658957244930557], "energies_vpsr": [-0.8413357267143162, -0.8429372686485592, -0.8098634226727854, -0.8127079210233046, -0.9644324366518863, -0.9676218731900136, -0.9659957333500717, -0.9653460524611907, -0.9655017444341967, -0.9652526098016214], "std_uniform": [0.002634816660098448, 0.003270527220986766, 0.006148764551151145, 0.005088900245002611, 0.005019719697409672, 0.005081334648237809, 0.0038544873557378578, 0.005978754501519768, 0.005300112291025936, 0.005361851827886896], "std_vmsa": [0.003044659574064281, 0.002699093052896727, 0.0033497202682693356, 0.002558597300797009, 0.0035352322817442322, 0.0038853322349485775, 0.005035955657017268, 0.004642415630145948, 0.0030590901148767964, 0.005096377828547269], "std_vpsr": [0.0030661269835909996, 0.0042897638115920135, 0.006076103445443805, 0.005257001180040779, 0.004590766379857005, 0.0047218956375667635, 0.004506814496152781, 0.005760851903067966, 0.006861396482846305, 0.003447171828579102], "shots_uniform": [[1024, 1024, 1024, 1024, 1024], [1024, 1024, 1024, 1024, 1024], [1024, 1024, 1024, 1024, 1024], [1024, 1024, 1024, 1024, 1024], [1024, 1024, 1024, 1024, 1024], [1024, 1024, 1024, 1024, 1024], [1024, 1024, 1024, 1024, 1024], [1024, 1024, 1024, 1024, 1024], [1024, 1024, 1024, 1024, 1024], [1024, 1024, 1024, 1024, 1024]], "shots_vmsa": [[1154, 1153, 1156, 1156, 1], [1155, 1151, 1156, 1157, 1], [302, 471, 586, 513, 2748], [467, 420, 366, 467, 2900], [558, 634, 529, 634, 2264], [636, 636, 614, 541, 2194], [506, 538, 595, 595, 2385], [617, 484, 678, 638, 2203], [634, 539, 539, 661, 2247], [650, 525, 605, 554, 2286]], "shots_vpsr": [[924, 922, 925, 925, 1], [920, 925, 926, 926, 1], [318, 200, 164, 279, 1387], [162, 186, 133, 94, 1273], [441, 441, 468, 410, 1493], [428, 277, 428, 413, 1476], [427, 410, 488, 371, 1489], [347, 456, 366, 430, 1484], [281, 369, 369, 387, 1468], [415, 497, 459, 438, 1493]]}]}