{"pool_name": "QE", "initial_energy": -0.7964, "fci_energy": -1.2775555229656779, "data_list": [{"energies_statevector": [-0.7964], "energies_uniform": [-0.7962470257948411], "energies_vmsa": [-0.7954496362347088], "energies_vpsr": [-0.7963468736430904], "std_uniform": [0.004433941596694101], "std_vmsa": [0.003877413273009874], "std_vpsr": [0.0037939858417573905], "shots_uniform": [[1667, 1667, 1666]], "shots_vmsa": [[2354, 2346, 1]], "shots_vpsr": [[1566, 1567, 1]]}]}