{"pool_name": "QE", "initial_energy": -0.8413485984542795, "fci_energy": -0.9663345447803098, "data_list": [{"energies_statevector": [-0.8413485984542795], "energies_uniform": [-0.841073367718408], "energies_vmsa": [-0.8414115882583889], "energies_vpsr": [-0.8386437331346747], "std_uniform": [0.0040570146959982845], "std_vmsa": [0.0044310139278689285], "std_vpsr": [0.00278290960306457], "shots_uniform": [[1024, 1024, 1024, 1024, 1024]], "shots_vmsa": [[1159, 1153, 1150, 1158, 1]], "shots_vpsr": [[921, 925, 925, 925, 1]]}, {"energies_statevector": [-0.841348598454279, -0.8413485935527785, -0.8124305368691761, -0.8124305421420388, -0.9663191109023609, -0.9663191108412202, -0.966334112698392, -0.9663341127086227, -0.9663345447803086, -0.9663345447803081], "energies_uniform": [-0.8410853342721415, -0.8423537889678967, -0.8100112801838499, -0.8096589469902715, -0.963677836640446, -0.9684701737529787, -0.9669337173862675, -0.9650118093929979, -0.9627267632763796, -0.9670492717432488], "energies_vmsa": [-0.8395589905157308, -0.8420789647627839, -0.8135806053107828, -0.814355102249959, -0.9650787870613116, -0.9651497239677511, -0.968797422524944, -0.9643043853309206, -0.9654317124113332, -0.9663053233069112], "energies_vpsr": [-0.8406847690890894, -0.8427959252672288, -0.8114621169300282, -0.8115644119054275, -0.9661357151350677, -0.9663150960803686, -0.9657435248766696, -0.9676545746370199, -0.9645050785499626, -0.963040371133612], "std_uniform": [0.003257804970593863, 0.0038483960523368914, 0.0056119920854289795, 0.0038035083953719883, 0.0057985820350819305, 0.004434611774670003, 0.005287796932944955, 0.005335046289400674, 0.0035836934063399263, 0.005577077564921126], "std_vmsa": [0.003222029138072261, 0.002401022824592967, 0.0023207404701596603, 0.002508785715990997, 0.005010140980913519, 0.003729901519672421, 0.004033935754447578, 0.004272709601166646, 0.005759885828496565, 0.002401235147715131], "std_vpsr": [0.00427213447922907, 0.005071082335429591, 0.003701470573475157, 0.007255763692317043, 0.007437939326068874, 0.0044737071721433295, 0.005683431459690112, 0.004475059750249473, 0.004568480834670795, 0.005694631235680788], "shots_uniform": [[1024, 1024, 1024, 1024, 1024], [1024, 1024, 1024, 1024, 1024], [1024, 1024, 1024, 1024, 1024], [1024, 1024, 1024, 1024, 1024], [1024, 1024, 1024, 1024, 1024], [1024, 1024, 1024, 1024, 1024], [1024, 1024, 1024, 1024, 1024], [1024, 1024, 1024, 1024, 1024], [1024, 1024, 1024, 1024, 1024], [1024, 1024, 1024, 1024, 1024]], "shots_vmsa": [[1158, 1159, 1158, 1145, 1], [1146, 1160, 1155, 1160, 1], [539, 596, 389, 507, 2589], [552, 444, 519, 483, 2622], [642, 612, 546, 546, 2275], [541, 504, 689, 575, 2311], [547, 606, 735, 568, 2165], [803, 643, 490, 490, 2194], [380, 604, 604, 604, 2427], [578, 528, 438, 578, 2498]], "shots_vpsr": [[923, 923, 924, 926, 1], [929, 911, 920, 936, 1], [271, 252, 252, 208, 1399], [137, 250, 167, 137, 1313], [199, 350, 404, 334, 1445], [333, 313, 291, 313, 1451], [391, 377, 348, 363, 1478], [416, 366, 400, 384, 1485], [284, 242, 318, 302, 1432], [399, 355, 453, 355, 1482]]}]}