{"pool_name": "QE", "initial_energy": -0.8413485984542795, "fci_energy": -0.9663345447803098, "data_list": [{"energies_statevector": [-0.8413485984542795], "energies_uniform": [-0.8413485984542795], "energies_vmsa": [-0.8413485984542795], "energies_vpsr": [-0.8413485984542795], "std_uniform": [0.0], "std_vmsa": [0.0], "std_vpsr": [0.0], "shots_uniform": [[5000, 5000]], "shots_vmsa": [[9800, 1]], "shots_vpsr": [[4900, 1]]}, {"energies_statevector": [-0.841348598454279, -0.8413485935527785, -0.8124305368691761, -0.8124305421420388, -0.9663191109023609, -0.9663191108412202, -0.966334112698392, -0.9663341127086227, -0.9663345447803086, -0.9663345447803081], "energies_uniform": [-0.8413485984542795, -0.8413485984542795, -0.5906772427663382, -0.5903927930010185, -0.7704494944483568, -0.7696672575937278, -0.7698450386970526, -0.7693472516077432, -0.7637293687426802, -0.7686716834151089], "energies_vmsa": [-0.8413485984542795, -0.8413485984542795, -0.5904051288326778, -0.5889719954487331, -0.7702905799110992, -0.7702180161954564, -0.7668982262047997, -0.7688393055982438, -0.7690388558162614, -0.767351749427567], "energies_vpsr": [-0.8413485984542795, -0.8413485984542795, -0.5910763432023733, -0.588028667145377, -0.7703087208400098, -0.7700184659774387, -0.7665716894844072, -0.7691477013897255, -0.7694016743944753, -0.7706715394182236], "std_uniform": [0.0, 0.0, 0.00042667464797940813, 0.0015644737092580518, 0.0036267345078254687, 7.111244132995687e-05, 0.00046223086864438656, 0.00032000598598458385, 0.0013866926059332707, 0.00042667464797940813], "std_vmsa": [0.0, 0.0, 0.000816341800981113, 0.0009433283033559725, 0.0015419789574088183, 0.0005623687962315049, 0.0007619190142490462, 0.0014331333839446847, 0.00014512743128547445, 0.001070314805730943], "std_vpsr": [0.0, 0.0, 0.00029025486257117095, 7.256371564279274e-05, 0.0005079460094993271, 0.0011610194502842397, 0.0006167915829635717, 0.002684857478782443, 0.0014875561706767515, 0.0026122937631397614], "shots_uniform": [[5000, 5000], [5000, 5000], [5000, 5000], [5000, 5000], [5000, 5000], [5000, 5000], [5000, 5000], [5000, 5000], [5000, 5000], [5000, 5000]], "shots_vmsa": [[9800, 1], [9800, 1], [9800, 1], [9800, 1], [9800, 1], [9800, 1], [9800, 1], [9800, 1], [9800, 1], [9800, 1]], "shots_vpsr": [[4900, 1], [4900, 1], [4900, 1], [4900, 1], [4900, 1], [4900, 1], [4900, 1], [4900, 1], [4900, 1], [4900, 1]]}]}