{"pool_name": "QE", "initial_energy": -0.7964, "fci_energy": -1.2775555229656779, "data_list": [{"energies_statevector": [-0.7964], "energies_uniform": [-0.7974296340731855], "energies_vmsa": [-0.7969449540092015], "energies_vpsr": [-0.7962741423346629], "std_uniform": [0.0038607285079365864], "std_vmsa": [0.004083949466118445], "std_vpsr": [0.0039045255231813397], "shots_uniform": [[1667, 1667, 1666]], "shots_vmsa": [[2352, 2348, 1]], "shots_vpsr": [[1582, 1551, 1]]}]}