{"pool_name": "QE", "initial_energy": -0.8413485984542795, "fci_energy": -0.9663345447803098, "data_list": [{"energies_statevector": [-0.8413485984542795], "energies_uniform": [-0.7539868169615603], "energies_vmsa": [-0.7540192896865769], "energies_vpsr": [-0.7542397604576043], "std_uniform": [0.006598071176062306], "std_vmsa": [0.006149475209610755], "std_vpsr": [0.006523888835234131], "shots_uniform": [[1024, 1024, 1024, 1024, 1024]], "shots_vmsa": [[586, 579, 585, 585, 2284]], "shots_vpsr": [[677, 670, 676, 677, 1403]]}, {"energies_statevector": [-0.841348598454279, -0.8413485935527785, -0.8124305368691761, -0.8124305421420388, -0.9663191109023609, -0.9663191108412202, -0.966334112698392, -0.9663341127086227, -0.9663345447803086, -0.9663345447803081], "energies_uniform": [-0.4953579753240971, -0.4964500428919364, -0.49112983659451537, -0.4910885896860823, -0.4949388386396993, -0.4946405466330996, -0.4947819835040674, -0.49486729686117076, -0.4951910798822794, -0.49449986022826925], "energies_vmsa": [-0.4959202018300671, -0.4956044303147325, -0.4907951708629206, -0.490992206782048, -0.4950396926376042, -0.49425052243359835, -0.49495735893115134, -0.49483000105792824, -0.49472688695181855, -0.4948255934065999], "energies_vpsr": [-0.4960080653428348, -0.49537594896514975, -0.49124054920258137, -0.4914354584872192, -0.49475197778588653, -0.4950150747574334, -0.4946172962740777, -0.49415170578398626, -0.49479744465986497, -0.49497406468955096], "std_uniform": [0.011022262000493787, 0.011136209949488541, 0.010969938787941048, 0.010841306712380157, 0.010730944423141894, 0.010822457000752057, 0.010812184548878822, 0.01074505386832104, 0.011024818820311012, 0.011245641949790086], "std_vmsa": [0.008106976250784766, 0.008721486779514658, 0.008455358086178756, 0.008441947632946839, 0.008113352705385516, 0.008144293366625557, 0.008281587436695324, 0.008324107038248919, 0.007930111980908589, 0.008302146813498673], "std_vpsr": [0.011362381989828972, 0.011964304900315236, 0.011464703403063985, 0.011044613909944472, 0.012282735101575314, 0.011555780797774138, 0.011450376130168208, 0.011559824088279982, 0.011460718993854606, 0.011592621325370105], "shots_uniform": [[1024, 1024, 1024, 1024, 1024], [1024, 1024, 1024, 1024, 1024], [1024, 1024, 1024, 1024, 1024], [1024, 1024, 1024, 1024, 1024], [1024, 1024, 1024, 1024, 1024], [1024, 1024, 1024, 1024, 1024], [1024, 1024, 1024, 1024, 1024], [1024, 1024, 1024, 1024, 1024], [1024, 1024, 1024, 1024, 1024], [1024, 1024, 1024, 1024, 1024]], "shots_vmsa": [[524, 526, 515, 523, 2532], [514, 513, 512, 514, 2567], [491, 487, 488, 489, 2665], [478, 477, 477, 477, 2710], [502, 493, 498, 503, 2623], [517, 515, 517, 512, 2558], [486, 485, 487, 486, 2677], [468, 467, 467, 465, 2754], [483, 485, 486, 484, 2682], [471, 474, 477, 474, 2723]], "shots_vpsr": [[252, 263, 263, 264, 1413], [265, 268, 265, 265, 1418], [257, 250, 257, 257, 1409], [275, 268, 270, 275, 1422], [239, 240, 240, 240, 1394], [261, 261, 260, 260, 1413], [262, 262, 262, 261, 1414], [298, 300, 300, 298, 1442], [259, 259, 259, 259, 1412], [279, 283, 281, 283, 1430]]}]}