{"pool_name": "QE", "initial_energy": -0.7964, "fci_energy": -1.2775555229656779, "data_list": [{"energies_statevector": [-0.7964], "energies_uniform": [-0.7969177588482304], "energies_vmsa": [-0.7961028766794073], "energies_vpsr": [-0.7959357722051337], "std_uniform": [0.003653090473741345], "std_vmsa": [0.0034282160733916226], "std_vpsr": [0.00433718711076942], "shots_uniform": [[1667, 1667, 1666]], "shots_vmsa": [[2354, 2346, 1]], "shots_vpsr": [[1572, 1561, 1]]}]}