{"pool_name": "QE", "initial_energy": -0.8413485984542795, "fci_energy": -0.9663345447803098, "data_list": [{"energies_statevector": [-0.8413485984542795], "energies_uniform": [-0.8413485984542795], "energies_vmsa": [-0.8413485984542795], "energies_vpsr": [-0.8413485984542795], "std_uniform": [0.0], "std_vmsa": [0.0], "std_vpsr": [0.0], "shots_uniform": [[5000, 5000]], "shots_vmsa": [[9800, 1]], "shots_vpsr": [[4900, 1]]}, {"energies_statevector": [-0.841348598454279, -0.8413485935527785, -0.8124305368691761, -0.8124305421420388, -0.9663191109023609, -0.9663191108412202, -0.966334112698392, -0.9663341127086227, -0.9663345447803086, -0.9663345447803081], "energies_uniform": [-0.8413485984542795, -0.8413485984542795, -0.5870860644791775, -0.5908905800903278, -0.7683516774291244, -0.767782777898485, -0.7699872635797124, -0.7679605590018098, -0.7668583161611962, -0.7687783520771039], "energies_vmsa": [-0.8413485984542795, -0.8413485984542795, -0.5869946341974677, -0.5884277675814122, -0.7673880312853884, -0.7689481511717079, -0.7673880312853884, -0.767115917351728, -0.7679322591527091, -0.7682043730863696], "energies_vpsr": [-0.8413485984542795, -0.8413485984542795, -0.5900967330411959, -0.5908586520554451, -0.7705626938447595, -0.7690388558162614, -0.7659548979014438, -0.7677327089346916, -0.7668982262047997, -0.7686034735224048], "std_uniform": [0.0, 0.0, 0.0008177930752939488, 0.000497787089309365, 0.0015289174885930734, 0.000746680633964103, 0.0023822667845520007, 0.002915610094526344, 0.0018844796952426357, 0.000248893544654738], "std_vmsa": [0.0, 0.0, 0.0006349325118741866, 0.0005805097251421198, 0.00012698650237485953, 0.0004898050805887122, 0.0014331333839446847, 0.0003265367203925118, 0.001650824530873063, 0.0007619190142490462], "std_vpsr": [0.0, 0.0, 0.0006893552986062534, 0.0026122937631396503, 0.0009796101611773134, 3.628185782134086e-05, 0.0008707645877131798, 0.0006893552986063645, 0.003265367203924563, 0.0017778110332478114], "shots_uniform": [[5000, 5000], [5000, 5000], [5000, 5000], [5000, 5000], [5000, 5000], [5000, 5000], [5000, 5000], [5000, 5000], [5000, 5000], [5000, 5000]], "shots_vmsa": [[9800, 1], [9800, 1], [9800, 1], [9800, 1], [9800, 1], [9800, 1], [9800, 1], [9800, 1], [9800, 1], [9800, 1]], "shots_vpsr": [[4900, 1], [4900, 1], [4900, 1], [4900, 1], [4900, 1], [4900, 1], [4900, 1], [4900, 1], [4900, 1], [4900, 1]]}]}