{"pool_name": "QE", "initial_energy": -1.1166512474115222, "fci_energy": -1.1372633383635353, "data_list": [{"energies_statevector": [-1.1166512474115222], "energies_uniform": [-1.1159606640309538], "energies_vmsa": [-1.1167929998363388], "energies_vpsr": [-1.1165002103097794], "std_uniform": [0.002902533675300214], "std_vmsa": [0.003287145395395526], "std_vpsr": [0.00402624384584461], "shots_uniform": [[1024, 1024, 1024, 1024, 1024]], "shots_vmsa": [[1156, 1154, 1154, 1156, 1]], "shots_vpsr": [[929, 908, 929, 930, 1]]}, {"energies_statevector": [-1.1166512474115213, -1.116651243785073, -0.16669246730467863, -0.16669248313035723, -1.1367682481117052, -1.136768247546139, -1.1372632894962993, -1.1372632895019195, -1.1372633383635302, -1.1372633383635282], "energies_uniform": [-1.1174126598567642, -1.116819466440122, -0.16255541377278487, -0.16137199842979857, -1.1386633203313468, -1.1373591984293856, -1.137110478261309, -1.1389898134998375, -1.1385255738096336, -1.1345196689096486], "energies_vmsa": [-1.1163151487659277, -1.1156899686549377, -0.17241446243272848, -0.16268254222985198, -1.138750267205544, -1.1386563948086665, -1.1389918953123372, -1.1391058421657005, -1.1564522894751907, -1.1372175446399768], "energies_vpsr": [-1.117698908077245, -1.1173793418188311, -0.17425312840790047, -0.1641284135891205, -1.15142741838423, -1.136615805702662, -1.138283780996314, -1.137165619787251, -1.1387121753661742, -1.1395189349959562], "std_uniform": [0.0021171848869845204, 0.002406967259838593, 0.02665774844692027, 0.019617972594931407, 0.003920459956472919, 0.003931349369606001, 0.005641959965379779, 0.0047842300367067535, 0.004302884409763595, 0.006685681329926964], "std_vmsa": [0.0024089912920104034, 0.003058143961095779, 0.005539128746052349, 0.009233008311555092, 0.005467051483460247, 0.0030771605214978755, 0.004444744333761903, 0.003994210163370233, 0.001061418506093315, 0.0036701751409579514], "std_vpsr": [0.0019774956148747133, 0.001939011863338291, 0.0223041479343774, 0.027180882375106335, 0.0029062444505198078, 0.006927329290119936, 0.0036266062276228404, 0.0058165154334880115, 0.004875649065166794, 0.0058534628177813785], "shots_uniform": [[1024, 1024, 1024, 1024, 1024], [1024, 1024, 1024, 1024, 1024], [1024, 1024, 1024, 1024, 1024], [1024, 1024, 1024, 1024, 1024], [1024, 1024, 1024, 1024, 1024], [1024, 1024, 1024, 1024, 1024], [1024, 1024, 1024, 1024, 1024], [1024, 1024, 1024, 1024, 1024], [1024, 1024, 1024, 1024, 1024], [1024, 1024, 1024, 1024, 1024]], "shots_vmsa": [[1154, 1161, 1143, 1162, 1], [1159, 1161, 1158, 1142, 1], [104, 90, 135, 126, 4166], [91, 105, 91, 117, 4216], [521, 521, 516, 522, 2541], [617, 598, 617, 621, 2167], [511, 525, 486, 495, 2604], [529, 508, 532, 461, 2590], [1174, 1170, 1138, 1138, 1], [598, 621, 619, 614, 2167]], "shots_vpsr": [[933, 906, 926, 930, 1], [921, 923, 927, 925, 1], [13, 33, 28, 18, 1005], [21, 18, 25, 30, 1007], [906, 944, 933, 912, 1], [426, 428, 425, 419, 1492], [426, 428, 425, 429, 1493], [283, 283, 294, 286, 1434], [409, 427, 425, 430, 1492], [281, 294, 286, 286, 1434]]}]}