{"pool_name": "QE", "initial_energy": -1.1166512474115222, "fci_energy": -1.1372633383635353, "data_list": [{"energies_statevector": [-1.1166512474115222], "energies_uniform": [-1.115960664030954], "energies_vmsa": [-1.1160691247665335], "energies_vpsr": [-1.1175121596247801], "std_uniform": [0.0028919820223500398], "std_vmsa": [0.001869405137943577], "std_vpsr": [0.002590155173053984], "shots_uniform": [[1024, 1024, 1024, 1024, 1024]], "shots_vmsa": [[1152, 1157, 1158, 1152, 1]], "shots_vpsr": [[932, 923, 917, 925, 1]]}, {"energies_statevector": [-1.1166512474115213, -1.116651243785073, -0.16669246730467863, -0.16669248313035723, -1.1367682481117052, -1.136768247546139, -1.1372632894962993, -1.1372632895019195, -1.1372633383635302, -1.1372633383635282], "energies_uniform": [-1.1176428543169536, -1.1170850754326485, -0.16059760876774104, -0.1773159961697889, -1.1377006393498443, -1.1390159799095663, -1.1374492813431856, -1.1369974732419847, -1.13854416035533, -1.1394994734488966], "energies_vmsa": [-1.116153744547994, -1.1178193703343706, -0.16518535056703354, -0.16339266861878493, -1.1367083415246206, -1.1379828544038364, -1.135382958129546, -1.1390027795577573, -1.1365143674057747, -1.158191737704229], "energies_vpsr": [-1.116308056182424, -1.1146279201866724, -0.16935901285721694, -0.172644708417086, -1.140419391129615, -1.1524906965067299, -1.1588244919479613, -1.156931615980766, -1.140369783966942, -1.1369820588939514], "std_uniform": [0.00248621619785729, 0.0029327985336509393, 0.013100753165039112, 0.017031235411650896, 0.004463383889690222, 0.004380340715909919, 0.006305535067214666, 0.005005224050535039, 0.005841765052576789, 0.0055458706469063805], "std_vmsa": [0.0017920387845605566, 0.0016650890142659133, 0.011146749134796389, 0.010464422136966231, 0.003046338007984653, 0.006872331918087328, 0.004301697460400304, 0.0045979768378363855, 0.0056381603083403165, 0.003318163306676959], "std_vpsr": [0.0030172544592260496, 0.0036049235073082387, 0.019618389567415722, 0.027384192472536116, 0.009318398783496988, 0.00148070987848156, 0.0027800384442613047, 0.002882315758280932, 0.004397845351588013, 0.007542731802617406], "shots_uniform": [[1024, 1024, 1024, 1024, 1024], [1024, 1024, 1024, 1024, 1024], [1024, 1024, 1024, 1024, 1024], [1024, 1024, 1024, 1024, 1024], [1024, 1024, 1024, 1024, 1024], [1024, 1024, 1024, 1024, 1024], [1024, 1024, 1024, 1024, 1024], [1024, 1024, 1024, 1024, 1024], [1024, 1024, 1024, 1024, 1024], [1024, 1024, 1024, 1024, 1024]], "shots_vmsa": [[1164, 1172, 1158, 1126, 1], [1154, 1154, 1156, 1157, 1], [123, 132, 123, 73, 4168], [75, 75, 128, 54, 4288], [609, 618, 620, 614, 2158], [518, 512, 524, 514, 2552], [613, 624, 610, 600, 2173], [569, 593, 615, 628, 2215], [609, 624, 602, 615, 2169], [1163, 1093, 1190, 1173, 1]], "shots_vpsr": [[919, 923, 927, 927, 1], [937, 937, 915, 906, 1], [26, 39, 26, 33, 1031], [22, 1, 22, 25, 987], [233, 233, 232, 224, 1385], [941, 931, 883, 939, 1], [874, 913, 960, 944, 1], [923, 911, 923, 938, 1], [284, 293, 274, 277, 1430], [417, 421, 429, 430, 1492]]}]}