{"pool_name": "QE", "initial_energy": -1.1166512474115222, "fci_energy": -1.1372633383635353, "data_list": [{"energies_statevector": [-1.1166512474115222], "energies_uniform": [-1.121184307550637], "energies_vmsa": [-1.1413506135541351], "energies_vpsr": [-1.152915728524441], "std_uniform": [0.018132240556459345], "std_vmsa": [0.006049363472361846], "std_vpsr": [0.005036733487905454], "shots_uniform": [[20, 20, 20, 20, 20]], "shots_vmsa": [[12, 13, 11, 13, 1]], "shots_vpsr": [[10, 10, 9, 10, 1]]}, {"energies_statevector": [-1.1166512474115213, -1.116651243785073, -0.16669246730467863, -0.16669248313035723, -1.1367682481117052, -1.136768247546139, -1.1372632894962993, -1.1372632895019195, -1.1372633383635302, -1.1372633383635282], "energies_uniform": [-1.1302504278288668, -1.1166512474115222, -0.1406229037875684, -0.22387907004403804, -1.1158207055353206, -1.175581029220015, -1.069659562267971, -1.1022215251179763, -1.1551822585939981, -1.1891802096373594], "energies_vmsa": [-1.1067715009544772, -1.1144322669238436, -0.0491311591290704, -0.22733940978008968, -1.1274027362030126, -1.15849487946489, -1.1814771773729895, -1.1305991247626448, -1.1699813666952261, -1.1526832639019222], "energies_vpsr": [-1.1363402965006069, -1.1302504278288668, -0.27457327345050264, -0.27457327345050264, -1.143849608246211, -1.148245302926565, -1.1746194710086875, -1.1347834879679817, -1.1619818488026705, -1.1484415392962237], "std_uniform": [0.004533060139114808, 0.0, 0.04162808312823482, 0.03709502298911996, 0.055227263545579386, 0.009066120278229728, 0.013599180417344536, 0.023495842571775616, 0.006799590208672268, 0.009066120278229728], "std_vmsa": [0.0005811615562968386, 0.018068841113954237, 0.03977901941673828, 0.06297848489388383, 0.011332650347787077, 0.018597169801496838, 0.010211838774929038, 0.007607933100612252, 0.042664095426963144, 0.036613178046696726], "std_vpsr": [0.011447121563421314, 0.03173142097380388, 0.07872310611735486, 0.07872310611735486, 0.018132240556459345, 0.021520588539232, 0.01419443073864246, 0.018132240556459345, 0.045330601391148306, 0.0035322546538557598], "shots_uniform": [[20, 20, 20, 20, 20], [20, 20, 20, 20, 20], [20, 20, 20, 20, 20], [20, 20, 20, 20, 20], [20, 20, 20, 20, 20], [20, 20, 20, 20, 20], [20, 20, 20, 20, 20], [20, 20, 20, 20, 20], [20, 20, 20, 20, 20], [20, 20, 20, 20, 20]], "shots_vmsa": [[12, 13, 12, 12, 1], [13, 13, 11, 13, 1], [1, 2, 1, 2, 46], [1, 1, 1, 1, 50], [13, 12, 13, 12, 1], [13, 12, 13, 13, 1], [14, 11, 11, 13, 1], [13, 13, 11, 13, 1], [17, 17, 17, 1, 1], [13, 12, 13, 12, 1]], "shots_vpsr": [[11, 9, 9, 11, 1], [10, 10, 10, 10, 1], [1, 1, 1, 1, 10], [1, 1, 1, 1, 10], [10, 10, 10, 10, 1], [9, 9, 11, 11, 1], [11, 10, 10, 9, 1], [8, 10, 10, 10, 1], [1, 1, 1, 1, 13], [11, 11, 11, 7, 1]]}]}

