{"pool_name": "QE", "initial_energy": -1.1166512474115224, "fci_energy": -1.1372633383635353, "data_list": [{"energies_statevector": [-1.1166512474115224], "energies_uniform": [-1.1166562374041238], "energies_vmsa": [-1.1166438296438377], "energies_vpsr": [-1.1166540313432227], "std_uniform": [7.480084542256557e-05], "std_vmsa": [6.659429166310908e-05], "std_vpsr": [6.401508735573402e-05], "shots_uniform": [[2000000, 2000000, 2000000, 2000000, 2000000]], "shots_vmsa": [[2500289, 2497822, 2500344, 2496545, 1]], "shots_vpsr": [[1998882, 1998466, 1999302, 1999350, 1]]}, {"energies_statevector": [-1.1166512474115216, -1.1166512437850733, -0.16669246730467863, -0.16669248313035734, -1.1367682481403338, -1.1367682475747674, -1.1372632894913415, -1.1372632894969612, -1.137263338363534, -1.1372633383635333], "energies_uniform": [-1.1166461613180465, -1.116640572961507, -0.16674679542537113, -0.16671793441099297, -1.1367763217894493, -1.1367610696667654, -1.1372826649739507, -1.1372785856852974, -1.137265229294673, -1.137248343413702], "energies_vmsa": [-1.116654273822173, -1.1166471719320255, -0.16669850392403662, -0.16665983532620138, -1.1367680973331047, -1.1367873091001195, -1.1372680535934643, -1.1372553131346044, -1.1372630990364947, -1.1372532593444753], "energies_vpsr": [-1.116647038397649, -1.116641291051371, -0.16662519153573999, -0.1666477065405487, -1.1367534400367694, -1.1367450301458155, -1.1372543930563834, -1.1372927840470088, -1.1372545168277932, -1.1372480775058948], "std_uniform": [8.054179300230485e-05, 8.543885161724045e-05, 0.0005275762384509934, 0.0005569107424542614, 0.00010449385703484364, 0.0001160205267353334, 0.00012591028764802478, 0.00012905863594056866, 0.00012456158136220637, 0.0001414151346159601], "std_vmsa": [6.780503733365185e-05, 5.3582210896011995e-05, 0.0002696030479755366, 0.00020784873719740195, 0.00010159801338470483, 0.00010774169006040603, 0.00012751806418128867, 8.206617664937367e-05, 0.00012282202995154664, 0.00013080120299596227], "std_vpsr": [5.9382594375349294e-05, 6.532491779455874e-05, 0.0005501255477682344, 0.0004910405046561528, 0.0001155001262466933, 0.00012715670272877807, 0.00013853819998583945, 0.00014911351350528949, 0.00012962666525001622, 0.00014481760905882892], "shots_uniform": [[2000000, 2000000, 2000000, 2000000, 2000000], [2000000, 2000000, 2000000, 2000000, 2000000], [2000000, 2000000, 2000000, 2000000, 2000000], [2000000, 2000000, 2000000, 2000000, 2000000], [2000000, 2000000, 2000000, 2000000, 2000000], [2000000, 2000000, 2000000, 2000000, 2000000], [2000000, 2000000, 2000000, 2000000, 2000000], [2000000, 2000000, 2000000, 2000000, 2000000], [2000000, 2000000, 2000000, 2000000, 2000000], [2000000, 2000000, 2000000, 2000000, 2000000]], "shots_vmsa": [[2499563, 2497562, 2499438, 2498438, 1], [2498321, 2499266, 2498146, 2499266, 1], [241245, 226029, 259872, 231235, 9036619], [219163, 256403, 261206, 230538, 9027690], [1362922, 1356416, 1356991, 1373795, 4544876], [1198342, 1217774, 1199429, 1195533, 5183921], [1217188, 1209906, 1228204, 1217817, 5121885], [1268859, 1276472, 1242713, 1273657, 4933298], [1222749, 1226614, 1209551, 1218619, 5117467], [1269220, 1262055, 1273550, 1278468, 4911706]], "shots_vpsr": [[2000630, 1996852, 1997814, 2000698, 1], [1999029, 2000822, 1999029, 1997117, 1], [63050, 61301, 63620, 54976, 2211873], [57592, 66299, 44560, 51895, 2194105], [970808, 971835, 970808, 973777, 3233762], [1389000, 1396320, 1392848, 1382518, 3093396], [954876, 968092, 970282, 956370, 3233176], [864763, 862635, 864345, 857611, 3217543], [728954, 734737, 725510, 731792, 3168594], [1165442, 1161352, 1156362, 1143138, 3212198]]}]}