{"pool_name": "QE", "initial_energy": -0.8413485984542795, "fci_energy": -0.9663345447803098, "data_list": [{"energies_statevector": [-0.8413485984542795], "energies_uniform": [-0.841244673541689], "energies_vmsa": [-0.8412102648748473], "energies_vpsr": [-0.841417512597839], "std_uniform": [0.003764209343938261], "std_vmsa": [0.0036549821455165057], "std_vpsr": [0.003890841607727015], "shots_uniform": [[1024, 1024, 1024, 1024, 1024]], "shots_vmsa": [[1156, 1157, 1153, 1155, 1]], "shots_vpsr": [[925, 921, 925, 925, 1]]}, {"energies_statevector": [-0.841348598454279, -0.8413485935527785, -0.8124305368691761, -0.8124305421420388, -0.9663191109023609, -0.9663191108412202, -0.966334112698392, -0.9663341127086227, -0.9663345447803086, -0.9663345447803081], "energies_uniform": [-0.8410435936042336, -0.8412398833414438, -0.8124462258176077, -0.8124744316449858, -0.9661592760956321, -0.9662149302855803, -0.9659389749048862, -0.9662517059137158, -0.9663575834802248, -0.9658177927123969], "energies_vmsa": [-0.8413281265610385, -0.8412377610727237, -0.8122574938716552, -0.8123570098071146, -0.9659187498831414, -0.9660284880235381, -0.9661611119458753, -0.9661334080121429, -0.9660989651489441, -0.9659106207470854], "energies_vpsr": [-0.8411991654666642, -0.841481887272161, -0.8124715087834307, -0.8114950939048815, -0.9659056024847571, -0.9660535197052161, -0.966063298131302, -0.9660108134699478, -0.9661456251596937, -0.9663797569847684], "std_uniform": [0.0039954199210338, 0.003829852116860548, 0.005458615352774259, 0.005337802998965106, 0.004973270398716415, 0.0052183177176782815, 0.005007895523820953, 0.005085766521758554, 0.004977838993773567, 0.004899626301858672], "std_vmsa": [0.0034989758856157787, 0.006060879317463267, 0.004000153780188865, 0.003980899052658944, 0.00428625278177413, 0.00426496898827795, 0.004263180646552866, 0.004288937775485325, 0.004132451673182674, 0.004116927820690433], "std_vpsr": [0.003989825656708559, 0.003923417763084232, 0.00571037584933501, 0.02789490161122688, 0.004979559169603355, 0.005648655387198432, 0.005034339023220325, 0.005455330326370009, 0.005379569098515344, 0.0051585085038238394], "shots_uniform": [[1024, 1024, 1024, 1024, 1024], [1024, 1024, 1024, 1024, 1024], [1024, 1024, 1024, 1024, 1024], [1024, 1024, 1024, 1024, 1024], [1024, 1024, 1024, 1024, 1024], [1024, 1024, 1024, 1024, 1024], [1024, 1024, 1024, 1024, 1024], [1024, 1024, 1024, 1024, 1024], [1024, 1024, 1024, 1024, 1024], [1024, 1024, 1024, 1024, 1024]], "shots_vmsa": [[1151, 1151, 1159, 1159, 1], [1157, 1151, 1158, 1153, 1], [385, 442, 385, 536, 2872], [440, 315, 534, 315, 3016], [570, 617, 713, 515, 2204], [658, 639, 527, 619, 2177], [774, 425, 588, 472, 2362], [664, 593, 504, 565, 2293], [672, 475, 625, 572, 2275], [497, 497, 497, 655, 2474]], "shots_vpsr": [[927, 911, 930, 928, 1], [925, 924, 924, 922, 1], [176, 245, 245, 202, 1369], [200, 218, 200, 1, 1273], [459, 498, 459, 438, 1494], [335, 230, 418, 335, 1451], [388, 558, 388, 476, 1485], [370, 320, 320, 338, 1464], [457, 296, 425, 441, 1481], [288, 329, 364, 329, 1458]]}]}