{"pool_name": "QE", "initial_energy": -7.8625676, "fci_energy": -7.869863827996722, "data_list": [{"energies_statevector": [-7.8625676], "energies_uniform": [-7.862546745551034], "energies_vmsa": [-7.862565965337957], "energies_vpsr": [-7.862601069104255], "std_uniform": [0.0007780707631574369], "std_vmsa": [0.0006585957074028587], "std_vpsr": [0.0007963644804786635], "shots_uniform": [[1112, 1111, 1111, 1111, 1111, 1111, 1111, 1111, 1111]], "shots_vmsa": [[439, 430, 514, 480, 1927, 1894, 1699, 1718, 1]], "shots_vpsr": [[287, 287, 322, 307, 1255, 1244, 1122, 1130, 1]]}, {"energies_statevector": [-7.862567599999997, -7.862567600516427, -7.772583356357052, -7.772583354685058, -7.8665429042074875, -7.866542904282142, -7.866625673038635, -7.8666256730372295, -7.866625702256732, -7.866625702256736], "energies_uniform": [-7.862524692370386, -7.862576815273109, -7.772657742083664, -7.772510038231526, -7.866499367528465, -7.866565470044442, -7.866581562801981, -7.866556686119105, -7.866532138584496, -7.866652842390213], "energies_vmsa": [-7.862563832264309, -7.862580977753517, -7.772673838195209, -7.772627381284214, -7.865582840025466, -7.866567521335152, -7.866742367147566, -7.866684509182028, -7.866798882521889, -7.866567347420479], "energies_vpsr": [-7.862606987944504, -7.862576417884454, -7.772538259037782, -7.772615710123044, -7.866464135653691, -7.866540924836593, -7.866696334397115, -7.8666411259889255, -7.866631800115958, -7.8665652534747785], "std_uniform": [0.0007526789983545405, 0.0007860246910250821, 0.005772645947490055, 0.0052834076721365334, 0.001742828767463766, 0.0018007272731520119, 0.0019509276680813844, 0.001959712185832537, 0.0019873536708444202, 0.002005812529029169], "std_vmsa": [0.0006381230212004973, 0.0006399114712910564, 0.0029251546553253557, 0.0030291042017097235, 0.02158182741801288, 0.0012808078842396337, 0.0013563421452740265, 0.0014238998053480306, 0.029726129472019514, 0.001389449305155218], "std_vpsr": [0.0008121023244810859, 0.0007836553270231777, 0.005757776608955383, 0.005607229091023495, 0.0017979165241822778, 0.0019151592768645869, 0.002071445889495091, 0.002093530991192844, 0.0020624527464038755, 0.001982098072190085], "shots_uniform": [[1112, 1111, 1111, 1111, 1111, 1111, 1111, 1111, 1111], [1112, 1111, 1111, 1111, 1111, 1111, 1111, 1111, 1111], [1112, 1111, 1111, 1111, 1111, 1111, 1111, 1111, 1111], [1112, 1111, 1111, 1111, 1111, 1111, 1111, 1111, 1111], [1112, 1111, 1111, 1111, 1111, 1111, 1111, 1111, 1111], [1112, 1111, 1111, 1111, 1111, 1111, 1111, 1111, 1111], [1112, 1111, 1111, 1111, 1111, 1111, 1111, 1111, 1111], [1112, 1111, 1111, 1111, 1111, 1111, 1111, 1111, 1111], [1112, 1111, 1111, 1111, 1111, 1111, 1111, 1111, 1111], [1112, 1111, 1111, 1111, 1111, 1111, 1111, 1111, 1111]], "shots_vmsa": [[435, 439, 465, 456, 1933, 1927, 1726, 1719, 1], [420, 434, 469, 530, 1916, 1910, 1709, 1711, 1], [97, 97, 99, 103, 168, 120, 5355, 448, 2613], [94, 94, 107, 105, 181, 116, 5281, 441, 2680], [445, 439, 477, 470, 1862, 1908, 1739, 1761, 1], [223, 224, 226, 242, 971, 935, 2909, 889, 2481], [207, 203, 224, 238, 821, 853, 3437, 820, 2297], [184, 183, 207, 210, 784, 784, 3181, 726, 2841], [220, 229, 234, 249, 949, 979, 5337, 902, 1], [209, 208, 229, 228, 855, 863, 4319, 833, 1356]], "shots_vpsr": [[287, 285, 321, 299, 1260, 1250, 1122, 1113, 1], [286, 288, 334, 318, 1256, 1252, 1133, 1115, 1], [25, 25, 28, 29, 49, 31, 1378, 118, 701], [28, 28, 32, 31, 43, 60, 1371, 131, 810], [115, 115, 132, 121, 487, 465, 1389, 455, 1466], [94, 95, 108, 93, 417, 411, 1645, 373, 1055], [242, 238, 289, 275, 1030, 1017, 950, 960, 1563], [109, 109, 121, 114, 453, 462, 1784, 425, 701], [100, 100, 112, 109, 416, 416, 1774, 391, 643], [100, 99, 110, 109, 424, 419, 1718, 395, 905]]}, {"energies_statevector": [-7.866625702256729, -7.866625702256736, -7.866625701820167, -7.75529738581011, -7.755297384143477, -7.755297387676325, -7.869102485615112, -7.86910248556375, -7.8691024855472955, -7.869221549910387, -7.8692215499019005, -7.869221549907073, -7.869222868893384, -7.869222868894139, -7.8692228688927885, -7.8692228792713, -7.869222879271271, -7.869222879271358], "energies_uniform": [-7.866616734662579, -7.866626922397637, -7.866538511522187, -7.755331941294082, -7.755025808728758, -7.755292544929545, -7.869143591828894, -7.8691218761881405, -7.8691105685250005, -7.869254842390122, -7.869213641620792, -7.869159654912984, -7.86928955297662, -7.8691646920855085, -7.869142901129365, -7.869198029065368, -7.869114153465594, -7.86924822137455], "energies_vmsa": [-7.866659610104178, -7.866620808989581, -7.86665959383085, -7.755158511567824, -7.75526129474759, -7.755204451676791, -7.869100034038259, -7.8691221481635605, -7.869112634021942, -7.869233094296507, -7.869097410599751, -7.869241499688192, -7.869137673483578, -7.869204521550157, -7.86928215718099, -7.869391676173346, -7.8691184429666885, -7.869291580868203], "energies_vpsr": [-7.866556949996859, -7.866686332795338, -7.866691602683138, -7.755335393300665, -7.755642005213447, -7.7551636476240535, -7.8692156543664655, -7.868980114099137, -7.869146497790132, -7.869233562301866, -7.8697964564452905, -7.869277643416978, -7.869082636180523, -7.869085748242925, -7.86925803794614, -7.869284035045338, -7.869186501412878, -7.869200751455624], "std_uniform": [0.00200304153675675, 0.00195315958207939, 0.0020211037280516006, 0.005928046574985024, 0.0057928638591878195, 0.005848034326374011, 0.002262764351917084, 0.002363486405656958, 0.0022437808211988805, 0.0021995992060455122, 0.0022509269363966055, 0.0022769580024100005, 0.002343068969029664, 0.002290249914014157, 0.0023028759925574228, 0.002330151085662601, 0.0023145010059149487, 0.0021671353870933484], "std_vmsa": [0.0014022655125371947, 0.001396746325228601, 0.0013886790764012565, 0.0035417144836873966, 0.0035712312786649906, 0.0035310118686498085, 0.0016997148397547542, 0.001829762464536166, 0.0018972703890392554, 0.0017295471820310876, 0.0019030324592356372, 0.002252860156702097, 0.0018141207952675317, 0.0016925003617464034, 0.002027499309694717, 0.002122684205263908, 0.0017484022559872624, 0.0018256012387669772], "std_vpsr": [0.001993088421203348, 0.002178637104958595, 0.002197856165717696, 0.005711912224370538, 0.0060767301742555855, 0.006067074631814909, 0.0025428191625716987, 0.0024810829029609494, 0.0023330287961015454, 0.0032699185412378134, 0.035488389898664534, 0.003261825431231963, 0.0024576605287860253, 0.0028393827094918816, 0.0035707407615680445, 0.00237897097553483, 0.0030292407854835522, 0.0024527173643686976], "shots_uniform": [[1112, 1111, 1111, 1111, 1111, 1111, 1111, 1111, 1111], [1112, 1111, 1111, 1111, 1111, 1111, 1111, 1111, 1111], [1112, 1111, 1111, 1111, 1111, 1111, 1111, 1111, 1111], [1112, 1111, 1111, 1111, 1111, 1111, 1111, 1111, 1111], [1112, 1111, 1111, 1111, 1111, 1111, 1111, 1111, 1111], [1112, 1111, 1111, 1111, 1111, 1111, 1111, 1111, 1111], [1112, 1111, 1111, 1111, 1111, 1111, 1111, 1111, 1111], [1112, 1111, 1111, 1111, 1111, 1111, 1111, 1111, 1111], [1112, 1111, 1111, 1111, 1111, 1111, 1111, 1111, 1111], [1112, 1111, 1111, 1111, 1111, 1111, 1111, 1111, 1111], [1112, 1111, 1111, 1111, 1111, 1111, 1111, 1111, 1111], [1112, 1111, 1111, 1111, 1111, 1111, 1111, 1111, 1111], [1112, 1111, 1111, 1111, 1111, 1111, 1111, 1111, 1111], [1112, 1111, 1111, 1111, 1111, 1111, 1111, 1111, 1111], [1112, 1111, 1111, 1111, 1111, 1111, 1111, 1111, 1111], [1112, 1111, 1111, 1111, 1111, 1111, 1111, 1111, 1111], [1112, 1111, 1111, 1111, 1111, 1111, 1111, 1111, 1111], [1112, 1111, 1111, 1111, 1111, 1111, 1111, 1111, 1111]],