{"pool_name": "QE", "initial_energy": -7.8625676, "fci_energy": -7.869863827996727, "data_list": [{"energies_statevector": [-7.8625676], "energies_uniform": [-7.862601176199806], "energies_vmsa": [-7.8625989650886705], "energies_vpsr": [-7.862596925951796], "std_uniform": [0.0007911988211781198], "std_vmsa": [0.0006604554978289125], "std_vpsr": [0.0008315674451643504], "shots_uniform": [[1024, 1024, 1024, 1024, 1024, 1024, 1024, 1024, 1024]], "shots_vmsa": [[388, 398, 448, 435, 1761, 1761, 1572, 1553, 1]], "shots_vpsr": [[254, 262, 282, 302, 1140, 1145, 1027, 1028, 1]]}, {"energies_statevector": [-7.862567599999997, -7.862567600516427, -7.772583356357052, -7.772583354685058, -7.8665429042074875, -7.866542904282142, -7.866625673038635, -7.8666256730372295, -7.866625702256732, -7.866625702256736], "energies_uniform": [-7.8626280893529295, -7.862586927686914, -7.772784851516016, -7.772554252846485, -7.866661185211915, -7.8666020557427725, -7.866613585723242, -7.866682458999219, -7.866586488938086, -7.866621998105078], "energies_vmsa": [-7.862632543366166, -7.862566947994874, -7.772629659384516, -7.772793906765671, -7.866438239055666, -7.865843540503746, -7.869279823134069, -7.86663600836976, -7.866651752102093, -7.866516872634373], "energies_vpsr": [-7.862588679149915, -7.862492609437695, -7.772615232824673, -7.772413825682459, -7.866515996807928, -7.865896236921044, -7.866719098752142, -7.8666181509671675, -7.866585109630015, -7.86660348552843], "std_uniform": [0.0008097189543590187, 0.0008034319621932071, 0.005574777083693959, 0.0058044936925910826, 0.0018681785426853186, 0.0018216757620349267, 0.002002139494294888, 0.0020330429900098693, 0.0020708900768514503, 0.0021275638991866013], "std_vmsa": [0.000678815113952983, 0.0006921018083639562, 0.0030291016957752948, 0.003013809346330154, 0.0246367327125769, 0.02238856933284422, 0.03638987909554013, 0.0014785634610285886, 0.001477314271766938, 0.001516888870592316], "std_vpsr": [0.0008180259250631913, 0.0007961439905969005, 0.005828340235833684, 0.005981452054668708, 0.0017864101031505257, 0.022354106251427815, 0.002143884960122719, 0.002797068783528286, 0.0020711254561314695, 0.002461270182377425], "shots_uniform": [[1024, 1024, 1024, 1024, 1024, 1024, 1024, 1024, 1024], [1024, 1024, 1024, 1024, 1024, 1024, 1024, 1024, 1024], [1024, 1024, 1024, 1024, 1024, 1024, 1024, 1024, 1024], [1024, 1024, 1024, 1024, 1024, 1024, 1024, 1024, 1024], [1024, 1024, 1024, 1024, 1024, 1024, 1024, 1024, 1024], [1024, 1024, 1024, 1024, 1024, 1024, 1024, 1024, 1024], [1024, 1024, 1024, 1024, 1024, 1024, 1024, 1024, 1024], [1024, 1024, 1024, 1024, 1024, 1024, 1024, 1024, 1024], [1024, 1024, 1024, 1024, 1024, 1024, 1024, 1024, 1024], [1024, 1024, 1024, 1024, 1024, 1024, 1024, 1024, 1024]], "shots_vmsa": [[401, 401, 436, 429, 1757, 1765, 1562, 1566, 1], [395, 396, 458, 409, 1761, 1761, 1563, 1571, 1], [90, 90, 91, 99, 155, 188, 4468, 415, 2720], [85, 85, 93, 96, 164, 105, 4886, 396, 2404], [403, 402, 460, 451, 1691, 1736, 1576, 1598, 1], [291, 292, 319, 331, 1207, 1216, 3511, 1148, 1], [204, 202, 234, 225, 837, 875, 4934, 805, 1], [197, 198, 217, 220, 751, 844, 3287, 788, 1814], [170, 170, 207, 186, 728, 694, 3609, 665, 1886], [177, 177, 200, 194, 700, 739, 4294, 691, 1144]], "shots_vpsr": [[257, 260, 287, 283, 1146, 1145, 1024, 1021, 1], [262, 262, 302, 282, 1139, 1154, 1024, 1024, 1], [26, 26, 29, 29, 54, 32, 1237, 119, 774], [24, 24, 25, 24, 46, 36, 1259, 110, 662], [123, 123, 137, 129, 513, 509, 1482, 486, 1116], [60, 60, 66, 66, 258, 264, 1432, 240, 1], [91, 92, 106, 104, 404, 386, 1572, 357, 836], [51, 51, 57, 54, 220, 211, 1486, 203, 332], [113, 113, 118, 118, 475, 492, 1365, 446, 1252], [65, 65, 75, 67, 274, 268, 1550, 258, 421]]}, {"energies_statevector": [-7.866625702256729, -7.866625702256736, -7.866625701820167, -7.75529738581011, -7.755297384143477, -7.755297387676325, -7.869102485615112, -7.86910248556375, -7.8691024855472955, -7.869221549910387, -7.8692215499019005, -7.869221549907073, -7.869222868893384, -7.869222868894139, -7.8692228688927885, -7.8692228792713, -7.869222879271271, -7.869222879271358], "energies_uniform": [-7.8666728463810545, -7.866517497916211, -7.866687898765234, -7.755294142550196, -7.755541138222851, -7.755561461252733, -7.86919598795371, -7.86913704000332, -7.86923602419707, -7.869279969005469, -7.869245368766016, -7.869231191219727, -7.869213242029687, -7.869207165805665, -7.869245634297071, -7.869249345348439, -7.86921390624336, -7.869287734668751], "energies_vmsa": [-7.866775061445425, -7.866613155526811, -7.86665485194416, -7.755284380584018, -7.755148380169103, -7.755206086620166, -7.8690962583174935, -7.869101934104918, -7.869104134642767, -7.869216865942746, -7.869118733478648, -7.869172748343252, -7.869199078374786, -7.869234906590695, -7.869159935925933, -7.86920660824087, -7.869226456570796, -7.8693335741283255], "energies_vpsr": [-7.866576360646808, -7.8666356914757, -7.866619390518567, -7.755172737748492, -7.754839707435036, -7.755306900562012, -7.869065910906508, -7.869102225066454, -7.869163698055139, -7.869250871923988, -7.869155465390544, -7.869458767310087, -7.86927976488409, -7.86929037165328, -7.869363398313552, -7.869257457876578, -7.869291082186861, -7.869126686123946], "std_uniform": [0.0020368701630813853, 0.002070192741854976, 0.002098361214339748, 0.005827106212502542, 0.006088149015206786, 0.005939784189735376, 0.0023659014241018727, 0.0023786165292099142, 0.0023964435227577714, 0.002327754782267896, 0.0024285715077297316, 0.0024285909842211365, 0.0023803256542683626, 0.0024051934682479226, 0.002383344950144085, 0.0024315063392591975, 0.002301107894703237, 0.0023977376743539204], "std_vmsa": [0.029709013165261148, 0.0014326093012724207, 0.0014677644472115517, 0.0036614753992692253, 0.0036853974731544162, 0.003674618355470474, 0.001821771155680606, 0.0018062177553315273, 0.0017558068698556302, 0.0017839359450239776, 0.0023356657933608525, 0.0018936724181487829, 0.0017996559467183615, 0.00205626038752062, 0.0018289076007422143, 0.001760840504128134, 0.0018458294334149036, 0.0022289757910169384], "std_vpsr": [0.0023710014015805954, 0.0024660644195997443, 0.002181384295912544, 0.006455007536436337, 0.006755440211453041, 0.006333566801963181, 0.003456803574577146, 0.0025145018531338155, 0.0027604061541961224, 0.002705656868739159, 0.0029268876303606825, 0.00431531517648838, 0.0024750525825846387, 0.0034322801006778487, 0.0030981368634321817, 0.0026391785103009983, 0.0029831958757859886, 0.002582805779197022], "shots_uniform": [[1024, 1024, 1024, 1024, 1024, 1024, 1024, 1024, 1024], [1024, 1024, 1024, 1024, 1024, 1024, 1024, 1024, 1024], [1024, 1024, 1024, 1024, 1024, 1024, 1024, 1024, 1024], [1024, 1024, 1024, 1024, 1024, 1024, 1024, 1024, 1024], [1024, 1024, 1024, 1024, 1024, 1024, 1024, 1024, 1024], [1024, 1024, 1024, 1024, 1024, 1024, 1024, 1024, 1024], [1024, 1024, 1024, 1024, 1024, 1024, 1024, 1024, 1024], [1024, 1024, 1024, 1024, 1024, 1024, 1024, 1024, 1024], [1024, 1024, 1024, 1024, 1024, 1024, 1024, 1024, 1024], [1024, 1024, 1024, 1024, 1024, 1024, 1024, 1024, 1024], [1024, 1024, 1024, 1024, 1024, 1024, 1024, 1024, 1024], [1024, 1024, 1024, 1024, 1024, 1024, 1024, 1024, 1024], [1024, 1024, 1024, 1024, 1024, 1024, 1024, 1024, 1024], [1024, 1024, 1024, 1024, 1024, 1024, 1024, 1024, 1024], [1024, 1024, 1024, 1024, 1024, 1024, 1024, 1024, 1024], [1024, 1024, 1024, 1024, 1024, 1024, 1024, 1024, 1024], [1024, 1024, 1024, 1024, 1024, 1024, 1024, 1024, 1024], [1024, 1024, 1024, 1024, 1024, 1024, 1024, 1024, 1024]],