{"pool_name": "QE", "initial_energy": -7.8625676, "fci_energy": -7.869863827996727, "data_list": [{"energies_statevector": [-7.8625676], "energies_uniform": [-7.862478483933202], "energies_vmsa": [-7.862469375064964], "energies_vpsr": [-7.862657173776414], "std_uniform": [0.0007964274025475967], "std_vmsa": [0.0007183928366874168], "std_vpsr": [0.004722833096923657], "shots_uniform": [[1024, 1024, 1024, 1024, 1024, 1024, 1024, 1024, 1024]], "shots_vmsa": [[395, 396, 449, 431, 1748, 1731, 1542, 1623, 1]], "shots_vpsr": [[261, 261, 288, 294, 1148, 1148, 1021, 1024, 1]]}]}