{"pool_name": "QE", "initial_energy": -7.8625676, "fci_energy": -7.869863827996727, "data_list": [{"energies_statevector": [-7.8625676], "energies_uniform": [-7.8625664527343755], "energies_vmsa": [-7.862546779627303], "energies_vpsr": [-7.862398260828445], "std_uniform": [0.0009705175068435787], "std_vmsa": [0.0008157397272513587], "std_vpsr": [0.0008767318138874234], "shots_uniform": [[1024, 1024, 1024, 1024, 1024, 1024, 1024, 1024, 1024]], "shots_vmsa": [[398, 400, 437, 403, 1764, 1764, 1573, 1576, 1]], "shots_vpsr": [[259, 260, 269, 273, 1146, 1144, 1019, 1017, 1]]}, {"energies_statevector": [-7.862567599999997, -7.862567600516427, -7.772583356357052, -7.772583354685058, -7.8665429042074875, -7.866542904282142, -7.866625673038635, -7.8666256730372295, -7.866625702256732, -7.866625702256736], "energies_uniform": [-7.862542859472656, -7.863089748320311, -7.773052625312499, -7.7756072996875005, -7.86767233107422, -7.866303326386719, -7.867002299746093, -7.866706771093749, -7.8668265766601575, -7.866382117792969], "energies_vmsa": [-7.862512544894903, -7.862418522305821, -7.772427445889744, -7.771610624896627, -7.866395445101661, -7.866867339634223, -7.866994110759778, -7.866952158454241, -7.866636669346181, -7.881561546384107], "energies_vpsr": [-7.862625316912944, -7.862154726990985, -7.772182053994426, -7.772948573518289, -7.866993003134878, -7.866270495603939, -7.866723264899363, -7.864584678822115, -7.865764476382607, -7.862651362480108], "std_uniform": [0.0005474097728559643, 0.00045687308305362203, 0.0073750116108678805, 0.005213884420479039, 0.0009631937180978672, 0.002184173214273936, 0.002520918488713597, 0.002178576039183944, 0.002411483979732308, 0.0019080324490673485], "std_vmsa": [0.000655462561019567, 0.0009128639708444127, 0.0034102309559543662, 0.002677791104810556, 0.0005112883015281724, 0.0009308336094650263, 0.0012470854964525054, 0.001443405683744566, 0.0018725880868763255, 0.05743028213494539], "std_vpsr": [0.0006861350333433279, 0.00080724838542021, 0.0058108969832826604, 0.0070592549280391065, 0.0018309290392802856, 0.0018941886673883113, 0.0028451447975598983, 0.0029711111306585597, 0.0016783470044603999, 0.0021560244481216005], "shots_uniform": [[1024, 1024, 1024, 1024, 1024, 1024, 1024, 1024, 1024], [1024, 1024, 1024, 1024, 1024, 1024, 1024, 1024, 1024], [1024, 1024, 1024, 1024, 1024, 1024, 1024, 1024, 1024], [1024, 1024, 1024, 1024, 1024, 1024, 1024, 1024, 1024], [1024, 1024, 1024, 1024, 1024, 1024, 1024, 1024, 1024], [1024, 1024, 1024, 1024, 1024, 1024, 1024, 1024, 1024], [1024, 1024, 1024, 1024, 1024, 1024, 1024, 1024, 1024], [1024, 1024, 1024, 1024, 1024, 1024, 1024, 1024, 1024], [1024, 1024, 1024, 1024, 1024, 1024, 1024, 1024, 1024], [1024, 1024, 1024, 1024, 1024, 1024, 1024, 1024, 1024]], "shots_vmsa": [[398, 400, 428, 448, 1739, 1759, 1574, 1569, 1], [395, 398, 467, 438, 1746, 1746, 1562, 1564, 1], [84, 85, 92, 91, 74, 177, 4877, 394, 2442], [92, 92, 99, 98, 138, 192, 4847, 421, 2338], [198, 196, 217, 215, 800, 814, 3288, 786, 1801], [174, 178, 195, 203, 779, 738, 3076, 707, 2266], [197, 197, 212, 218, 829, 839, 3256, 777, 1792], [161, 163, 170, 183, 670, 709, 3532, 654, 2074], [162, 160, 167, 190, 712, 647, 3843, 643, 1793], [224, 224, 255, 261, 921, 921, 4618, 893, 1]], "shots_vpsr": [[264, 262, 292, 305, 1154, 1159, 1037, 991, 1], [251, 250, 293, 275, 1145, 1141, 1022, 1022, 1], [23, 24, 24, 28, 45, 45, 1246, 107, 723], [24, 24, 28, 26, 58, 30, 1233, 111, 763], [72, 72, 76, 79, 303, 316, 1560, 287, 660], [94, 94, 101, 103, 394, 374, 1564, 370, 858], [76, 76, 86, 82, 319, 303, 1586, 300, 490], [76, 76, 88, 84, 324, 328, 1591, 300, 489], [116, 117, 130, 130, 509, 477, 463, 467, 1670], [58, 58, 68, 65, 245, 230, 1418, 231, 1]]}, {"energies_statevector": [-7.866625702256729, -7.866625702256736, -7.866625701820167, -7.75529738581011, -7.755297384143477, -7.755297387676325, -7.869102485615112, -7.86910248556375, -7.8691024855472955, -7.869221549910387, -7.8692215499019005, -7.869221549907073, -7.869222868893384, -7.869222868894139, -7.8692228688927885, -7.8692228792713, -7.869222879271271, -7.869222879271358], "energies_uniform": [-7.866241169414063, -7.867001356757814, -7.867190878066407, -7.757053681093749, -7.756846367675782, -7.755834728808592, -7.870975389062499, -7.869292253105469, -7.868556277714845, -7.868349978964844, -7.870057286542969, -7.867853025371093, -7.87004745810547, -7.869865174179688, -7.869598667246093, -7.868876184550783, -7.869319539980469, -7.867794680058594], "energies_vmsa": [-7.866680765155533, -7.880783049524512, -7.8664614787655465, -7.758434213116862, -7.755966035258597, -7.756208342908724, -7.869071076411276, -7.8690987171199, -7.869174395488853, -7.869050097870913, -7.869415845150241, -7.868385124967768, -7.868508491025608, -7.869251344430623, -7.868712431010941, -7.869683936407601, -7.869368434195266, -7.8688371142725], "energies_vpsr": [-7.866645223843603, -7.86665469707859, -7.8655035841829015, -7.755409999909984, -7.753609710716006, -7.756273805999757, -7.86916807906105, -7.870075547440434, -7.8698213590608175, -7.868529662276961, -7.868615135900569, -7.869453530595495, -7.869746753301746, -7.869229317690937, -7.868423646656072, -7.869779137112981, -7.868147047820673, -7.870159838655527], "std_uniform": [0.0021022491098009145, 0.001601091006572604, 0.0017128230008547419, 0.0046395407867572255, 0.006403400184547807, 0.004064664628094062, 0.0022267561382967992, 0.002006273829794336, 0.002518831017745534, 0.002240973569808211, 0.0019621266451006676, 0.0025987625938146707, 0.001997930819024745, 0.0018089673354588494, 0.0023109177278359543, 0.0014285950918509287, 0.0008614944663432096, 0.0012609672822382215], "std_vmsa": [0.001893052623763226, 0.057515385592194115, 0.0007359507183038335, 0.002333643876064796, 0.005350569323429549, 0.005402240463240854, 0.0010753306980357986, 0.002168992161736435, 0.0016376612821584224, 0.0014933494071066825, 0.001325768378128641, 0.001743917448178208, 0.0014958270445698135, 0.002427085106177456, 0.0019147785426976273, 0.0022681769196898987, 0.0011860714250975875, 0.0023852039973555387], "std_vpsr": [0.0024769741771928015, 0.001431659595169947, 0.00129104090038208, 0.004797944308754496, 0.005135813952994576, 0.005346211292951949, 0.0028867113622357047, 0.0022545055278617586, 0.002652515906538146, 0.001453728865868851, 0.002162117335078405, 0.0022300377477955887, 0.001970499146931526, 0.002953713442700159, 0.0013612223705120213, 0.002489755534346541, 0.0029988459802626553, 0.0026042022836157354], "shots_uniform": [[1024, 1024, 1024, 1024, 1024, 1024, 1024, 1024, 1024], [1024, 1024, 1024, 1024, 1024, 1024, 1024, 1024, 1024], [1024, 1024, 1024, 1024, 1024, 1024, 1024, 1024, 1024], [1024, 1024, 1024, 1024, 1024, 1024, 1024, 1024, 1024], [1024, 1024, 1024, 1024, 1024, 1024, 1024, 1024, 1024], [1024, 1024, 1024, 1024, 1024, 1024, 1024, 1024, 1024], [1024, 1024, 1024, 1024, 1024, 1024, 1024, 1024, 1024], [1024, 1024, 1024, 1024, 1024, 1024, 1024, 1024, 1024], [1024, 1024, 1024, 1024, 1024, 1024, 1024, 1024, 1024], [1024, 1024, 1024, 1024, 1024, 1024, 1024, 1024, 1024], [1024, 1024, 1024, 1024, 1024, 1024, 1024, 1024, 1024], [1024, 1024, 1024, 1024, 1024, 1024, 1024, 1024, 1024], [1024, 1024, 1024, 1024, 1024, 1024, 1024, 1024, 1024], [1024, 1024, 1024, 1024, 1024, 1024, 1024, 1024, 1024], [1024, 1024, 1024, 1024, 1024, 1024, 1024, 1024, 1024], [1024, 1024, 1024, 1024, 1024, 1024, 1024, 1024, 1024], [1024, 1024, 1024, 1024, 1024, 1024, 1024, 1024, 1024], [1024, 1024, 1024, 1024, 1024, 1024, 1024, 1024, 1024]],