{"pool_name": "QE", "initial_energy": -1.1166512474115222, "fci_energy": -1.1372633383635353, "data_list": [{"energies_statevector": [-1.1166512474115222], "energies_uniform": [-1.115066447089449], "energies_vmsa": [-1.1167271644478707], "energies_vpsr": [-1.1179106439439903], "std_uniform": [0.0027692064017307773], "std_vmsa": [0.0020397940348279697], "std_vpsr": [0.003401314453518921], "shots_uniform": [[1024, 1024, 1024, 1024, 1024]], "shots_vmsa": [[1161, 1144, 1159, 1157, 1]], "shots_vpsr": [[929, 924, 928, 914, 1]]}, {"energies_statevector": [-1.1166512474115213, -1.116651243785073, -0.16669246730467863, -0.16669248313035723, -1.1367682481117052, -1.136768247546139, -1.1372632894962993, -1.1372632895019195, -1.1372633383635302, -1.1372633383635282], "energies_uniform": [-1.1173241235259221, -1.1165981256130169, -0.1716639219817626, -0.1775928238200757, -1.1368625156971421, -1.1348058349830235, -1.1394655446617086, -1.1371585971965554, -1.136439087892058, -1.1358329172586006], "energies_vmsa": [-1.1160321404454883, -1.115957870598149, -0.17358391060456047, -0.16767410597528418, -1.139235970560772, -1.1504291090921857, -1.1380959791213983, -1.1403806121405942, -1.1337779994197894, -1.1362607191819305], "energies_vpsr": [-1.1166281343357263, -1.1163111288529843, -0.16395830032609687, -0.17076044335991056, -1.150746731794709, -1.1363324317585792, -1.1374829536424103, -1.1394516015985825, -1.1346726176936628, -1.134838072924817], "std_uniform": [0.0026404615525395425, 0.0025229592214315306, 0.02066529538224287, 0.015664621567778994, 0.003943049392509357, 0.005427919946318681, 0.0048738403614902465, 0.004663738770656055, 0.0070060713664434685, 0.005746813939801844], "std_vmsa": [0.0032185367158136854, 0.0020518056743633268, 0.009402757474083399, 0.007657893394699695, 0.004064976064638897, 0.0026417145051803943, 0.0026416225005711407, 0.0031789726522097653, 0.00649419796830447, 0.004586447801449089], "std_vpsr": [0.002857823205499625, 0.002493230123400879, 0.014377665249098753, 0.025073299110624392, 0.003496909161499124, 0.0053786115765538855, 0.005170761150536528, 0.0055227068305933715, 0.006342256417372334, 0.003651402371852816], "shots_uniform": [[1024, 1024, 1024, 1024, 1024], [1024, 1024, 1024, 1024, 1024], [1024, 1024, 1024, 1024, 1024], [1024, 1024, 1024, 1024, 1024], [1024, 1024, 1024, 1024, 1024], [1024, 1024, 1024, 1024, 1024], [1024, 1024, 1024, 1024, 1024], [1024, 1024, 1024, 1024, 1024], [1024, 1024, 1024, 1024, 1024], [1024, 1024, 1024, 1024, 1024]], "shots_vmsa": [[1158, 1151, 1157, 1153, 1], [1152, 1160, 1152, 1156, 1], [125, 125, 115, 74, 4182], [110, 56, 96, 123, 4235], [373, 398, 399, 400, 3050], [1164, 1161, 1132, 1164, 1], [622, 594, 623, 616, 2165], [522, 517, 492, 522, 2566], [628, 620, 572, 622, 2178], [447, 468, 451, 436, 2818]], "shots_vpsr": [[928, 919, 923, 926, 1], [924, 926, 924, 921, 1], [26, 26, 19, 32, 1015], [26, 1, 26, 29, 997], [922, 928, 922, 924, 1], [421, 430, 421, 417, 1492], [289, 290, 293, 285, 1436], [294, 269, 278, 276, 1428], [399, 414, 419, 426, 1490], [264, 294, 289, 292, 1432]]}]}