{"pool_name": "QE", "initial_energy": -1.1166512474115222, "fci_energy": -1.1372633383635353, "data_list": [{"energies_statevector": [-1.1166512474115222], "energies_uniform": [-1.1180324141726588], "energies_vmsa": [-1.1179390252143704], "energies_vpsr": [-1.1162002337348471], "std_uniform": [0.002608503290821978], "std_vmsa": [0.0026660152107761217], "std_vpsr": [0.0028805336921938845], "shots_uniform": [[1024, 1024, 1024, 1024, 1024]], "shots_vmsa": [[1176, 1173, 1116, 1155, 1]], "shots_vpsr": [[928, 919, 927, 922, 1]]}, {"energies_statevector": [-1.1166512474115213, -1.116651243785073, -0.16669246730467863, -0.16669248313035723, -1.1367682481117052, -1.136768247546139, -1.1372632894962993, -1.1372632895019195, -1.1372633383635302, -1.1372633383635282], "energies_uniform": [-1.1174126598567642, -1.1162882484550696, -0.16645155795764904, -0.1582558532358723, -1.1352951498273312, -1.1359562008183492, -1.1347566247921523, -1.1380929587197501, -1.1384264252866525, -1.136924551966541], "energies_vmsa": [-1.1178011891231128, -1.1166586260323446, -0.1635917157028235, -0.1702670468631409, -1.136373976564094, -1.149688865811075, -1.157759247969779, -1.1364929610409913, -1.1573273924653027, -1.139102345041139], "energies_vpsr": [-1.1168090980119767, -1.1177092066859444, -0.1635867488266487, -0.17387240470225473, -1.1360463067605036, -1.1518185849558618, -1.1578487617766153, -1.1552552781318182, -1.139056506281489, -1.1574784449973334], "std_uniform": [0.002674969601024899, 0.0019882074551591617, 0.01669530988341783, 0.018776875501274444, 0.005863510339971605, 0.0041859195666239775, 0.004116001767089012, 0.005427679570053708, 0.005265411059230281, 0.005093031800410331], "std_vmsa": [0.0026081637615891543, 0.0016576702348153705, 0.009860080754935371, 0.007361924776384105, 0.004081499020709174, 0.002116986419726453, 0.0027368541614872844, 0.0032890262966846465, 0.0018209722141066622, 0.005679281185588486], "std_vpsr": [0.0023143152934123026, 0.0020830892249766872, 0.026473765056409148, 0.021923606928920623, 0.007057872908566433, 0.002642505889076071, 0.002323113494507427, 0.002545492057534227, 0.006895074378900275, 0.0023342783234456587], "shots_uniform": [[1024, 1024, 1024, 1024, 1024], [1024, 1024, 1024, 1024, 1024], [1024, 1024, 1024, 1024, 1024], [1024, 1024, 1024, 1024, 1024], [1024, 1024, 1024, 1024, 1024], [1024, 1024, 1024, 1024, 1024], [1024, 1024, 1024, 1024, 1024], [1024, 1024, 1024, 1024, 1024], [1024, 1024, 1024, 1024, 1024], [1024, 1024, 1024, 1024, 1024]], "shots_vmsa": [[1160, 1160, 1158, 1142, 1], [1147, 1158, 1158, 1158, 1], [96, 152, 122, 96, 4155], [98, 126, 137, 113, 4146], [622, 595, 603, 614, 2186], [1131, 1166, 1145, 1177, 1], [1162, 1162, 1170, 1127, 1], [513, 515, 510, 513, 2569], [1171, 1154, 1154, 1142, 1], [606, 580, 601, 624, 2209]], "shots_vpsr": [[914, 931, 925, 925, 1], [911, 928, 929, 929, 1], [21, 17, 21, 32, 1006], [26, 34, 31, 31, 1030], [409, 425, 427, 429, 1492], [921, 928, 908, 937, 1], [920, 929, 950, 896, 1], [941, 941, 906, 906, 1], [405, 420, 418, 391, 1489], [933, 942, 881, 938, 1]]}]}