{"pool_name": "QE", "initial_energy": -0.7964, "fci_energy": -1.2775555229656779, "data_list": [{"energies_statevector": [-0.7964], "energies_uniform": [-0.7966706466706658], "energies_vmsa": [-0.7960098399562942], "energies_vpsr": [-0.7961405853421585], "std_uniform": [0.0048761679313888175], "std_vmsa": [0.0035390262518818594], "std_vpsr": [0.003584948928736609], "shots_uniform": [[1667, 1667, 1666]], "shots_vmsa": [[2339, 2361, 1]], "shots_vpsr": [[1567, 1566, 1]]}]}