{"pool_name": "QE", "initial_energy": -1.1166512474115222, "fci_energy": -1.1372633383635353, "data_list": [{"energies_statevector": [-1.1166512474115222], "energies_uniform": [-1.1170673681664798], "energies_vmsa": [-1.1161327078001833], "energies_vpsr": [-1.1156889884674386], "std_uniform": [0.0025163794643610978], "std_vmsa": [0.0029316596854384344], "std_vpsr": [0.0013502630087449826], "shots_uniform": [[1024, 1024, 1024, 1024, 1024]], "shots_vmsa": [[1156, 1155, 1156, 1154, 1]], "shots_vpsr": [[925, 923, 923, 926, 1]]}, {"energies_statevector": [-1.1166512474115213, -1.116651243785073, -0.16669246730467863, -0.16669248313035723, -1.1367682481117052, -1.136768247546139, -1.1372632894962993, -1.1372632895019195, -1.1372633383635302, -1.1372633383635282], "energies_uniform": [-1.1178907560433113, -1.1177225370147115, -0.163954560613996, -0.16098480359876982, -1.1380465375057498, -1.1384024413881733, -1.1394318886884267, -1.1398432793940318, -1.1384827913893616, -1.1383228195282244], "energies_vmsa": [-1.1168299712082808, -1.117760913419319, -0.16704863167128378, -0.17018067172596552, -1.1380859715752132, -1.1522447414586157, -1.1575482886057378, -1.1584463355392052, -0.9977064281463655, -1.1388567761536499], "energies_vpsr": [-1.116287476931897, -1.1153612735706186, -0.17521513856880594, -0.1719614478328486, -1.1501920532075585, -1.1517872582153843, -1.1583586506725165, -1.1359927423588028, -1.13431020372636, -0.9981551372994593], "std_uniform": [0.0028639826672248246, 0.0025456158238299927, 0.01639141091277409, 0.022216765654213, 0.004971879559502108, 0.005020015212517286, 0.0070839342587309135, 0.0040869432184931385, 0.006068924390157715, 0.00620097624559662], "std_vmsa": [0.0025500741684482005, 0.002237588375199, 0.011007372868544108, 0.009050442706302673, 0.004308683333746206, 0.002820197255482473, 0.002290061893444173, 0.00244627479777495, 0.47298193270774874, 0.004628522817696708], "std_vpsr": [0.0031850408593070163, 0.0027814009946239343, 0.02574094694599487, 0.0270732075511612, 0.002509985994622572, 0.0018260881786090711, 0.0032765146947253865, 0.00486504580457832, 0.0043765527249706665, 0.4721237217773372], "shots_uniform": [[1024, 1024, 1024, 1024, 1024], [1024, 1024, 1024, 1024, 1024], [1024, 1024, 1024, 1024, 1024], [1024, 1024, 1024, 1024, 1024], [1024, 1024, 1024, 1024, 1024], [1024, 1024, 1024, 1024, 1024], [1024, 1024, 1024, 1024, 1024], [1024, 1024, 1024, 1024, 1024], [1024, 1024, 1024, 1024, 1024], [1024, 1024, 1024, 1024, 1024]], "shots_vmsa": [[1165, 1166, 1127, 1163, 1], [1156, 1163, 1160, 1141, 1], [88, 123, 113, 140, 4156], [130, 77, 107, 130, 4175], [506, 518, 509, 525, 2562], [1158, 1142, 1167, 1153, 1], [1146, 1185, 1172, 1117, 1], [1155, 1155, 1148, 1161, 1], [1144, 1166, 1183, 1127, 1], [489, 520, 518, 523, 2570]], "shots_vpsr": [[925, 925, 924, 923, 1], [926, 922, 920, 929, 1], [22, 28, 28, 33, 1021], [38, 19, 26, 13, 1009], [925, 929, 913, 929, 1], [931, 919, 909, 937, 1], [936, 891, 940, 927, 1], [425, 429, 419, 426, 1492], [430, 409, 423, 402, 1491], [907, 927, 948, 913, 1]]}]}