{"pool_name": "QE", "initial_energy": -7.8625676, "fci_energy": -7.880982314579989, "data_list": [{"energies_statevector": [-7.8625676], "energies_uniform": [-7.862460195162692], "energies_vmsa": [-7.862580416742274], "energies_vpsr": [-7.8626839099226755], "std_uniform": [0.0007814373555358531], "std_vmsa": [0.00033694839206239346], "std_vpsr": [0.0006151553761034647], "shots_uniform": [[1138, 1138, 1138, 1138, 1138, 1138, 1138, 1137, 1137]], "shots_vmsa": [[446, 449, 512, 439, 1982, 1982, 1758, 1771, 1]], "shots_vpsr": [[292, 289, 308, 328, 1285, 1287, 1150, 1146, 1]]}, {"energies_statevector": [-7.862567599999997, -7.862567600516427, -7.772583356357052, -7.772583354685058, -7.8665429042074875, -7.866542904282142, -7.866625673038635, -7.8666256730372295, -7.866625702256732, -7.866625702256736], "energies_uniform": [-7.86274615195209, -7.862888724930974, -7.771789198663674, -7.774496622729798, -7.866320899855985, -7.866749290586503, -7.86719601835798, -7.866294020911736, -7.8674596067182465, -7.866705020130828], "energies_vmsa": [-7.862232858909152, -7.862528689350242, -7.773848165077178, -7.771941773056438, -7.865981797763503, -7.86322089484117, -7.866631335450336, -7.8667325969516355, -7.866952408994931, -7.866963912031847], "energies_vpsr": [-7.862721603520919, -7.862270003280422, -7.772869323896424, -7.7740578580587485, -7.86628956662436, -7.867444589455471, -7.865620667774861, -7.86628927730292, -7.866277929868654, -7.866605846524829], "std_uniform": [0.0007670060042125798, 0.0007159803651963848, 0.00726466817414103, 0.00363921849810574, 0.0019826392135992897, 0.0022384464145267513, 0.0019035815331600906, 0.002070463180020367, 0.0012479062651304413, 0.0019132951526298365], "std_vmsa": [0.0005139758680125289, 0.00040423616330393985, 0.0022047097496930073, 0.001956528638541298, 0.0011711965677252592, 0.0013111117624353683, 0.001253007915564907, 0.0013397830021319797, 0.00165591270100762, 0.0019693180538788544], "std_vpsr": [0.0005253643719509023, 0.00042155978084060106, 0.005759181627479935, 0.0069442251567859, 0.0016889021122558447, 0.002147637477703873, 0.0017856460683220003, 0.0015368784334546775, 0.0017765272399390185, 0.002153410148577113], "shots_uniform": [[1138, 1138, 1138, 1138, 1138, 1138, 1138, 1137, 1137], [1138, 1138, 1138, 1138, 1138, 1138, 1138, 1137, 1137], [1138, 1138, 1138, 1138, 1138, 1138, 1138, 1137, 1137], [1138, 1138, 1138, 1138, 1138, 1138, 1138, 1137, 1137], [1138, 1138, 1138, 1138, 1138, 1138, 1138, 1137, 1137], [1138, 1138, 1138, 1138, 1138, 1138, 1138, 1137, 1137], [1138, 1138, 1138, 1138, 1138, 1138, 1138, 1137, 1137], [1138, 1138, 1138, 1138, 1138, 1138, 1138, 1137, 1137], [1138, 1138, 1138, 1138, 1138, 1138, 1138, 1137, 1137], [1138, 1138, 1138, 1138, 1138, 1138, 1138, 1137, 1137]], "shots_vmsa": [[446, 445, 491, 529, 1962, 1962, 1754, 1751, 1], [443, 450, 490, 474, 1984, 1965, 1773, 1760, 1], [103, 102, 108, 110, 178, 178, 5416, 470, 2675], [93, 92, 107, 103, 161, 235, 5489, 435, 2624], [174, 173, 202, 186, 748, 726, 4225, 692, 2213], [324, 325, 369, 348, 1389, 1374, 3930, 1282, 1], [199, 193, 209, 232, 850, 871, 4722, 782, 1283], [203, 203, 208, 212, 874, 836, 2629, 807, 3368], [347, 347, 383, 400, 1414, 1467, 1365, 1376, 2241], [272, 272, 318, 290, 1096, 1116, 1061, 1074, 3841]], "shots_vpsr": [[291, 291, 287, 304, 1283, 1282, 1143, 1147, 1], [294, 294, 322, 342, 1295, 1274, 1155, 1157, 1], [25, 25, 28, 29, 22, 44, 1403, 115, 710], [25, 25, 28, 27, 43, 31, 1402, 113, 728], [102, 102, 112, 113, 419, 445, 1763, 396, 927], [72, 72, 83, 75, 318, 310, 1743, 289, 471], [95, 95, 100, 109, 411, 387, 1697, 376, 1051], [64, 64, 77, 67, 258, 278, 1706, 254, 587], [81, 81, 89, 89, 347, 335, 1662, 319, 1028], [71, 70, 79, 73, 302, 305, 1671, 284, 913]]}, {"energies_statevector": [-7.866625702256729, -7.866625702256736, -7.866625701820167, -7.75529738581011, -7.755297384143477, -7.755297387676325, -7.869102485615112, -7.86910248556375, -7.8691024855472955, -7.869221549910387, -7.8692215499019005, -7.869221549907073, -7.869222868893384, -7.869222868894139, -7.8692228688927885, -7.8692228792713, -7.869222879271271, -7.869222879271358], "energies_uniform": [-7.866829210659786, -7.866999920463388, -7.86691515772022, -7.757907089943982, -7.75171745071747, -7.7542161806964645, -7.868913790067763, -7.868597398938718, -7.869241017304317, -7.869129178329307, -7.869276990406846, -7.869254121892223, -7.867920268333326, -7.868041468902639, -7.870056474337099, -7.870015832473395, -7.869150732539209, -7.869432230052214], "energies_vmsa": [-7.866933039092205, -7.866738708876147, -7.867124114397986, -7.755245024738739, -7.757651045023339, -7.752725345028535, -7.869691039711661, -7.868522310188794, -7.869145149046217, -7.870183017852878, -7.863333012761646, -7.8694961600905105, -7.868496438826537, -7.868388419462446, -7.868775258273956, -7.868146757234716, -7.869296521042557, -7.869124568850525], "energies_vpsr": [-7.8646815317989205, -7.867342806763721, -7.866977057679908, -7.75425114015947, -7.75645762775672, -7.755306782852057, -7.868510429972507, -7.868899607201992, -7.86929164980535, -7.868348699023626, -7.868539206155681, -7.869453412020985, -7.869910851355257, -7.869154150898782, -7.868425406137275, -7.868586895245092, -7.8695742627339325, -7.866757774898099], "std_uniform": [0.0019869735672709567, 0.0017623761513642275, 0.0022013109025238813, 0.0036956816369835338, 0.004672303490270926, 0.004188782178655808, 0.0022273048696156775, 0.002300953485144671, 0.0018667340625917288, 0.0021228834648308096, 0.0025020470601501326, 0.002154829715247471, 0.002358104425700417, 0.001771330728589622, 0.0019223380941588116, 0.0027677478729368466, 0.001823571104250222, 0.0010923282983268687], "std_vmsa": [0.0014094827397820246, 0.001145469653886553, 0.0012054019943377758, 0.004306607679105498, 0.005407917650731102, 0.003089353901696969, 0.0014855068792025237, 0.001971664068549876, 0.0013436338905269277, 0.001999227145955073, 0.0014847569531809398, 0.0019412879431866864, 0.0022494120513554647, 0.0016240816499632075, 0.0011453784707558244, 0.001199974899937114, 0.0020930094009690915, 0.0011799446148946248], "std_vpsr": [0.0019387363291762084, 0.002571526243958822, 0.0023588930288901194, 0.003386496612218837, 0.005242806927875949, 0.005673566284343046, 0.0013707037372233453, 0.002701814736141058, 0.0015330358805975754, 0.004440987275516888, 0.003072477676966987, 0.003341128842971367, 0.0021796524382733285, 0.002644911002735038, 0.0025195885270719756, 0.0032481762741700176, 0.0022428881282241246, 0.00232507535362109], "shots_uniform": [[1138, 1138, 1138, 1138, 1138, 1138, 1138, 1137, 1137], [1138, 1138, 1138, 1138, 1138, 1138, 1138, 1137, 1137], [1138, 1138, 1138, 1138, 1138, 1138, 1138, 1137, 1137], [1138, 1138, 1138, 1138, 1138, 1138, 1138, 1137, 1137], [1138, 1138, 1138, 1138, 1138, 1138, 1138, 1137, 1137], [1138, 1138, 1138, 1138, 1138, 1138, 1138, 1137, 1137], [1138, 1138, 1138, 1138, 1138, 1138, 1138, 1137, 1137], [1138, 1138, 1138, 1138, 1138, 1138, 1138, 1137, 1137], [1138, 1138, 1138, 1138, 1138, 1138, 1138, 1137, 1137], [1138, 1138, 1138, 1138, 1138, 1138, 1138, 1137, 1137], [1138, 1138, 1138, 1138, 1138, 1138, 1138, 1137, 1137], [1138, 1138, 1138, 1138, 1138, 1138, 1138, 1137, 1137], [1138, 1138, 1138, 1138, 1138, 1138, 1138, 1137, 1137], [1138, 1138, 1138, 1138, 1138, 1138, 1138, 1137, 1137], [1138, 1138, 1138, 1138, 1138, 1138, 1138, 1137, 1137], [1138, 1138, 1138, 1138, 1138, 1138, 1138, 1137, 1137], [1138, 1138, 1138, 1138, 1138, 1138, 1138, 1137, 1137], [1138, 1138, 1138, 1138, 1138, 1138, 1138, 1137, 1137]],