{"pool_name": "QE", "initial_energy": -1.1166512474115222, "fci_energy": -1.1372633383635353, "data_list": [{"energies_statevector": [-1.1166512474115222], "energies_uniform": [-1.0849198264377184], "energies_vmsa": [-1.1290141387000172], "energies_vpsr": [-1.1302504278288668], "std_uniform": [0.009066120278229617], "std_vmsa": [0.011728896863443916], "std_vpsr": [0.004533060139114808], "shots_uniform": [[20, 20, 20, 20, 20]], "shots_vmsa": [[11, 13, 13, 13, 1]], "shots_vpsr": [[10, 10, 10, 10, 1]]}, {"energies_statevector": [-1.1166512474115213, -1.116651243785073, -0.16669246730467863, -0.16669248313035723, -1.1367682481117052, -1.136768247546139, -1.1372632894962993, -1.1372632895019195, -1.1372633383635302, -1.1372633383635282], "energies_uniform": [-1.1098516572028498, -1.132516957898424, -0.29580258595272063, -0.4161537751983102, -1.137050018037539, -1.1551822585939981, -1.1090211153266485, -1.1316864160222226, -1.1022215251179763, -1.1506491984548834], "energies_vmsa": [-1.0831652720248988, -1.1175229897459673, -0.1807399668694317, -0.16801358952363385, -1.1160172529864711, -1.1352691729828868, -1.1558796524615544, -1.1594458711024664, -1.1166512474115222, -1.1733144991504576], "energies_vpsr": [-1.1025483936453873, -1.1327687945728195, -0.510742591802567, -0.27457327345050264, -1.071320646020374, -1.175581029220015, -1.1581356159573608, -1.154930421919603, -1.1166512474115222, -0.9803131423780055], "std_uniform": [0.015865710486901885, 0.015865710486901885, 0.04842767333690712, 0.006799590208672213, 0.006799590208672157, 0.006799590208672268, 0.012163192223988428, 0.0393615530586775, 0.00989666215443108, 0.011332650347787077], "std_vmsa": [0.011401836247346142, 0.0026152270033354963, 0.17732405893426237, 0.059633540098658094, 0.00950991637576537, 0.0008094750248418547, 0.021793558361129062, 0.018702835539005314, 0.045330601391148306, 0.022665300695574153], "std_vpsr": [0.05439672166937792, 0.018132240556459345, 0.0, 0.07872310611735486, 0.13599180417344492, 0.03173142097380388, 0.02930463120235849, 0.023168974044364687, 0.0, 0.10588683686603673], "shots_uniform": [[20, 20, 20, 20, 20], [20, 20, 20, 20, 20], [20, 20, 20, 20, 20], [20, 20, 20, 20, 20], [20, 20, 20, 20, 20], [20, 20, 20, 20, 20], [20, 20, 20, 20, 20], [20, 20, 20, 20, 20], [20, 20, 20, 20, 20], [20, 20, 20, 20, 20]], "shots_vmsa": [[14, 13, 9, 13, 1], [13, 13, 12, 13, 1], [1, 1, 2, 3, 45], [1, 3, 3, 1, 45], [13, 13, 13, 11, 1], [14, 8, 14, 14, 1], [13, 13, 12, 13, 1], [13, 13, 11, 13, 1], [3, 2, 3, 3, 38], [14, 8, 14, 14, 1]], "shots_vpsr": [[1, 9, 10, 10, 1], [9, 10, 10, 10, 1], [1, 1, 1, 1, 10], [1, 1, 1, 1, 10], [1, 1, 1, 1, 13], [10, 10, 10, 10, 1], [9, 9, 11, 10, 1], [10, 10, 10, 9, 1], [1, 1, 1, 1, 13], [1, 1, 1, 1, 13]]}]}