{"pool_name": "QE", "initial_energy": -0.8413485984542795, "fci_energy": -0.9663345447803098, "data_list": [{"energies_statevector": [-0.8413485984542795], "energies_uniform": [-0.8410949075151284], "energies_vmsa": [-0.8412159992761216], "energies_vpsr": [-0.8412762706921312], "std_uniform": [0.004308334279775106], "std_vmsa": [0.003557983257456947], "std_vpsr": [0.004453127106695231], "shots_uniform": [[1024, 1024, 1024, 1024, 1024]], "shots_vmsa": [[1162, 1162, 1151, 1144, 1]], "shots_vpsr": [[924, 923, 925, 923, 1]]}, {"energies_statevector": [-0.841348598454279, -0.8413485935527785, -0.8124305368691761, -0.8124305421420388, -0.9663191109023609, -0.9663191108412202, -0.966334112698392, -0.9663341127086227, -0.9663345447803086, -0.9663345447803081], "energies_uniform": [-0.8416405823653779, -0.8416310091223909, -0.8109055790660625, -0.8124388185201801, -0.9667406201867845, -0.9662859094942766, -0.9657991688968329, -0.9659572038366804, -0.9666246898939517, -0.9668587254160635], "energies_vmsa": [-0.841068717954837, -0.8408848613003088, -0.8118351323283776, -0.8125671534794435, -0.9661145283115871, -0.9665183937397082, -0.9662791025241215, -0.9667811692958503, -0.9658220314732617, -0.966205234059466], "energies_vpsr": [-0.841439584812054, -0.8415927418669094, -0.8121331999252671, -0.8119765985589715, -0.9662863990519814, -0.9661487858024302, -0.9661873252574508, -0.9665102821241416, -0.9661925338637687, -0.9662650898612561], "std_uniform": [0.0039756817721803865, 0.004015185191844902, 0.005871279829190632, 0.004992384459200122, 0.005242654003259568, 0.005643828069361019, 0.004816663598245546, 0.004691369222722398, 0.0051102151455407665, 0.00513435761018608], "std_vmsa": [0.004049597571394288, 0.003202128672287987, 0.003924425531945825, 0.0039462959483959155, 0.004250165142491253, 0.0042161639727988755, 0.004010304474142082, 0.004269907005669631, 0.004119184256165413, 0.004585115586165985], "std_vpsr": [0.0038989289616135825, 0.003921377704089709, 0.005552412586845822, 0.005264394111696933, 0.005903774869932033, 0.005389088241043387, 0.005021837723739024, 0.005319386204809422, 0.004614696504273622, 0.004377692207831946], "shots_uniform": [[1024, 1024, 1024, 1024, 1024], [1024, 1024, 1024, 1024, 1024], [1024, 1024, 1024, 1024, 1024], [1024, 1024, 1024, 1024, 1024], [1024, 1024, 1024, 1024, 1024], [1024, 1024, 1024, 1024, 1024], [1024, 1024, 1024, 1024, 1024], [1024, 1024, 1024, 1024, 1024], [1024, 1024, 1024, 1024, 1024], [1024, 1024, 1024, 1024, 1024]], "shots_vmsa": [[1152, 1157, 1157, 1155, 1], [1155, 1157, 1158, 1150, 1], [365, 508, 508, 365, 2873], [536, 385, 442, 316, 2941], [643, 616, 668, 403, 2290], [685, 600, 455, 575, 2305], [576, 576, 490, 600, 2378], [604, 604, 524, 604, 2283], [429, 683, 534, 534, 2440], [665, 542, 542, 608, 2262]], "shots_vpsr": [[925, 925, 921, 925, 1], [939, 938, 890, 927, 1], [221, 173, 221, 221, 1362], [216, 155, 155, 282, 1348], [345, 431, 327, 345, 1472], [429, 346, 383, 383, 1482], [428, 370, 309, 223, 1451], [256, 230, 336, 368, 1435], [443, 383, 415, 326, 1482], [559, 496, 513, 458, 1489]]}]}