{"pool_name": "QE", "initial_energy": -1.1525999999999998, "fci_energy": -1.2775555229656779, "data_list": [{"energies_statevector": [-1.1525999999999998], "energies_uniform": [-1.1532089550089983], "energies_vmsa": [-1.1516918904980282], "energies_vpsr": [-1.1526764295755136], "std_uniform": [0.004836307017327257], "std_vmsa": [0.003503870474714112], "std_vpsr": [0.003601149094741885], "shots_uniform": [[1667, 1667, 1666]], "shots_vmsa": [[2365, 2335, 1]], "shots_vpsr": [[1529, 1603, 1]]}]}