{"pool_name": "QE", "initial_energy": -7.8625676, "fci_energy": -7.869863827996722, "data_list": [{"energies_statevector": [-7.8625676], "energies_uniform": [-7.862434900929161], "energies_vmsa": [-7.86250221307155], "energies_vpsr": [-7.862508770992187], "std_uniform": [0.0007194392396416813], "std_vmsa": [0.0006115818736477315], "std_vpsr": [0.0007686705038188788], "shots_uniform": [[1138, 1138, 1138, 1138, 1138, 1138, 1138, 1137, 1137]], "shots_vmsa": [[442, 449, 498, 485, 1960, 1966, 1774, 1765, 1]], "shots_vpsr": [[291, 293, 321, 308, 1285, 1291, 1151, 1139, 1]]}, {"energies_statevector": [-7.862567599999997, -7.862567600516427, -7.772583356357052, -7.772583354685058, -7.8665429042074875, -7.866542904282142, -7.866625673038635, -7.8666256730372295, -7.866625702256732, -7.866625702256736], "energies_uniform": [-7.86264456424163, -7.8625843412869925, -7.772985623667506, -7.772522303782998, -7.866417305888557, -7.866497966153297, -7.8666558727928555, -7.86663936857012, -7.866737073260075, -7.866737710971669], "energies_vmsa": [-7.862566506930584, -7.862545484603644, -7.772470023849682, -7.7726876417410615, -7.866566099951012, -7.86627445298569, -7.866760323668199, -7.866756398797616, -7.866742912587364, -7.86663685188641], "energies_vpsr": [-7.862683570250308, -7.862565629597871, -7.772258915178051, -7.773195293553915, -7.864854858016932, -7.866296593150847, -7.866899984047844, -7.8664500010583, -7.8666810600914205, -7.86713837392412], "std_uniform": [0.000731804422333482, 0.000754339117597689, 0.005076020592668901, 0.004956767103615019, 0.001819267912949509, 0.0016456608016817802, 0.0018645173114392988, 0.0018087029095751122, 0.001647063410433607, 0.0021073432561267893], "std_vmsa": [0.0006308322990861374, 0.000632932007653436, 0.0028497854277939366, 0.003014107434301168, 0.001271368638692662, 0.0012934962106449298, 0.0011925944186745613, 0.0014311495273596534, 0.0017205398906665718, 0.0013513774353602433], "std_vpsr": [0.0006701323560112127, 0.0008631269507455242, 0.005943938623824507, 0.005719069225219709, 0.018975773972195756, 0.0021302495357585064, 0.0024646496554869063, 0.0021267637492517425, 0.002043457408759973, 0.002047729651635809], "shots_uniform": [[1138, 1138, 1138, 1138, 1138, 1138, 1138, 1137, 1137], [1138, 1138, 1138, 1138, 1138, 1138, 1138, 1137, 1137], [1138, 1138, 1138, 1138, 1138, 1138, 1138, 1137, 1137], [1138, 1138, 1138, 1138, 1138, 1138, 1138, 1137, 1137], [1138, 1138, 1138, 1138, 1138, 1138, 1138, 1137, 1137], [1138, 1138, 1138, 1138, 1138, 1138, 1138, 1137, 1137], [1138, 1138, 1138, 1138, 1138, 1138, 1138, 1137, 1137], [1138, 1138, 1138, 1138, 1138, 1138, 1138, 1137, 1137], [1138, 1138, 1138, 1138, 1138, 1138, 1138, 1137, 1137], [1138, 1138, 1138, 1138, 1138, 1138, 1138, 1137, 1137]], "shots_vmsa": [[445, 448, 482, 495, 1980, 1977, 1747, 1764, 1], [447, 447, 501, 517, 1972, 1970, 1758, 1728, 1], [93, 93, 106, 106, 234, 139, 5226, 426, 2918], [94, 94, 109, 104, 163, 142, 5519, 434, 2682], [264, 266, 314, 287, 1119, 1103, 3219, 1050, 1719], [176, 176, 191, 181, 740, 745, 4198, 692, 2241], [229, 228, 253, 239, 989, 989, 2988, 886, 2538], [206, 204, 236, 214, 855, 841, 3677, 819, 2287], [269, 269, 290, 297, 1139, 1145, 1060, 1062, 3809], [271, 271, 300, 302, 1125, 974, 3271, 1072, 1753]], "shots_vpsr": [[293, 289, 329, 329, 1291, 1283, 1154, 1146, 1], [293, 293, 312, 305, 1280, 1280, 1154, 1153, 1], [26, 26, 28, 30, 39, 39, 1390, 119, 799], [25, 25, 28, 28, 63, 31, 1410, 113, 739], [105, 104, 119, 111, 436, 442, 1727, 412, 1], [68, 67, 79, 78, 286, 292, 1723, 266, 618], [83, 82, 84, 84, 341, 361, 1751, 329, 754], [102, 102, 108, 113, 430, 447, 1676, 403, 1132], [75, 75, 77, 78, 306, 319, 1745, 296, 485], [98, 98, 107, 107, 426, 418, 1687, 389, 1094]]}, {"energies_statevector": [-7.866625702256729, -7.866625702256736, -7.866625701820167, -7.75529738581011, -7.755297384143477, -7.755297387676325, -7.869102485615112, -7.86910248556375, -7.8691024855472955, -7.869221549910387, -7.8692215499019005, -7.869221549907073, -7.869222868893384, -7.869222868894139, -7.8692228688927885, -7.8692228792713, -7.869222879271271, -7.869222879271358], "energies_uniform": [-7.866637586570443, -7.866569299596651, -7.866901364137044, -7.755494696513056, -7.7545623728159505, -7.755404969264138, -7.8689671977338795, -7.868969461311133, -7.868815824813442, -7.869121612404147, -7.869408498787827, -7.868937072974967, -7.869493003211022, -7.869769327766323, -7.869199390888192, -7.868880521608993, -7.868838132531214, -7.8691933491853066], "energies_vmsa": [-7.866554934954048, -7.8657735048183985, -7.866642230747353, -7.755443505892853, -7.755562371314036, -7.75525872109137, -7.869149741872754, -7.86883427475734, -7.86937310884138, -7.869375957438455, -7.8692339325730725, -7.869234808822617, -7.86905724754735, -7.86929126346076, -7.869300548494018, -7.869244522913785, -7.86901784131546, -7.869505039616428], "energies_vpsr": [-7.866578332653851, -7.8664423417810045, -7.86661531645472, -7.754866213541999, -7.753602002994612, -7.755850103181559, -7.8692631031349665, -7.86886447759813, -7.868959859099269, -7.869437655241168, -7.8691022011663145, -7.8692403988527655, -7.869416831708017, -7.869171001204997, -7.868994597150889, -7.86890304386469, -7.86948329462136, -7.869335225430909], "std_uniform": [0.002011424695530708, 0.001891848494779008, 0.0019264312027149344, 0.0062728205308031975, 0.0059072110477657955, 0.005589077069778369, 0.0020390283386713783, 0.002278793001693601, 0.002215104823539327, 0.002420614126168313, 0.0021943451130935604, 0.0024067057372349856, 0.0023547732577943415, 0.002175991918011763, 0.002093791820025731, 0.0021338179024034134, 0.002290538837190478, 0.0024366649901384836], "std_vmsa": [0.001510698372985247, 0.026612414739720782, 0.0013113135817072142, 0.0035410592380416884, 0.0057541384976135404, 0.0035086703940785755, 0.0018352506623686014, 0.0021099249104120405, 0.0018827704968889776, 0.0016768836801666505, 0.001844974431914123, 0.001983081575529633, 0.0018875839912439465, 0.0020857512754310346, 0.001748758172738767, 0.0021865739649661762, 0.0023072478072222085, 0.0017005305292246147], "std_vpsr": [0.002177521163866896, 0.0021043344668973895, 0.002158429565242695, 0.006233499465795157, 0.006493032540718142, 0.006944924566816614, 0.0025201068515234813, 0.0028031629541072725, 0.0024454765918083816, 0.002610294689063496, 0.002554142632410568, 0.0020986991136383226, 0.0026231375303366047, 0.002161938456631126, 0.0021941421689468626, 0.0029116136252459587, 0.0023551009795055554, 0.0023667109586181256], "shots_uniform": [[1138, 1138, 1138, 1138, 1138, 1138, 1138, 1137, 1137], [1138, 1138, 1138, 1138, 1138, 1138, 1138, 1137, 1137], [1138, 1138, 1138, 1138, 1138, 1138, 1138, 1137, 1137], [1138, 1138, 1138, 1138, 1138, 1138, 1138, 1137, 1137], [1138, 1138, 1138, 1138, 1138, 1138, 1138, 1137, 1137], [1138, 1138, 1138, 1138, 1138, 1138, 1138, 1137, 1137], [1138, 1138, 1138, 1138, 1138, 1138, 1138, 1137, 1137], [1138, 1138, 1138, 1138, 1138, 1138, 1138, 1137, 1137], [1138, 1138, 1138, 1138, 1138, 1138, 1138, 1137, 1137], [1138, 1138, 1138, 1138, 1138, 1138, 1138, 1137, 1137], [1138, 1138, 1138, 1138, 1138, 1138, 1138, 1137, 1137], [1138, 1138, 1138, 1138, 1138, 1138, 1138, 1137, 1137], [1138, 1138, 1138, 1138, 1138, 1138, 1138, 1137, 1137], [1138, 1138, 1138, 1138, 1138, 1138, 1138, 1137, 1137], [1138, 1138, 1138, 1138, 1138, 1138, 1138, 1137, 1137], [1138, 1138, 1138, 1138, 1138, 1138, 1138, 1137, 1137], [1138, 1138, 1138, 1138, 1138, 1138, 1138, 1137, 1137], [1138, 1138, 1138, 1138, 1138, 1138, 1138, 1137, 1137]],