{"pool_name": "QE", "initial_energy": -1.1166512474115222, "fci_energy": -1.1372633383635353, "data_list": [{"energies_statevector": [-1.1166512474115222], "energies_uniform": [-1.1173506844251748], "energies_vmsa": [-1.116862622729993], "energies_vpsr": [-1.1176493028608776], "std_uniform": [0.0030116540995519794], "std_vmsa": [0.002446717231404064], "std_vpsr": [0.0029518367286614114], "shots_uniform": [[1024, 1024, 1024, 1024, 1024]], "shots_vmsa": [[1158, 1115, 1175, 1173, 1]], "shots_vpsr": [[927, 931, 908, 930, 1]]}, {"energies_statevector": [-1.1166512474115213, -1.116651243785073, -0.16669246730467863, -0.16669248313035723, -1.1367682481117052, -1.136768247546139, -1.1372632894962993, -1.1372632895019195, -1.1372633383635302, -1.1372633383635282], "energies_uniform": [-1.1152789342834697, -1.1171293435980694, -0.1669700715397921, -0.16452443743558925, -1.1371266389445196, -1.1353264407759365, -1.1349897907426394, -1.1356065735682361, -1.1370526264134513, -1.1352604025984248], "energies_vmsa": [-1.11663639591184, -1.1144802500244653, -0.16348501100116813, -0.1695030293355984, -1.1384603913179638, -1.1389932560131313, -1.1576212244941695, -1.1419406499129443, -1.1571784307643957, -1.1358285769422918], "energies_vpsr": [-1.1156704432467355, -1.117019837345055, -0.15919164306072298, -0.1666047298492463, -1.136793021288872, -1.1357896368069265, -1.1383589515209909, -1.139057315259946, -1.1394988004295148, -1.138040296979788], "std_uniform": [0.0032160144286398186, 0.002522959221431492, 0.015209140720283818, 0.022378068778306132, 0.005510685508571033, 0.0052155301323632925, 0.008026923660038154, 0.006417641222723887, 0.007893430301546371, 0.004160628399228969], "std_vmsa": [0.0029923808493056633, 0.0029211909855768, 0.00838026060322037, 0.011700555541538165, 0.004583398048700267, 0.005400245299260874, 0.0021061169719343307, 0.007386790999823574, 0.0024185466720343368, 0.004205425686663686], "std_vpsr": [0.0018266779292191516, 0.002790073865875942, 0.02247287321069516, 0.024157793132248275, 0.0064115744151851, 0.004850464410679805, 0.010596809166807353, 0.005189664612775021, 0.0030498321077047337, 0.0064660893014696465], "shots_uniform": [[1024, 1024, 1024, 1024, 1024], [1024, 1024, 1024, 1024, 1024], [1024, 1024, 1024, 1024, 1024], [1024, 1024, 1024, 1024, 1024], [1024, 1024, 1024, 1024, 1024], [1024, 1024, 1024, 1024, 1024], [1024, 1024, 1024, 1024, 1024], [1024, 1024, 1024, 1024, 1024], [1024, 1024, 1024, 1024, 1024], [1024, 1024, 1024, 1024, 1024]], "shots_vmsa": [[1158, 1160, 1152, 1149, 1], [1149, 1157, 1157, 1157, 1], [123, 88, 88, 140, 4181], [94, 121, 94, 94, 4216], [513, 519, 513, 517, 2557], [619, 600, 617, 623, 2161], [1185, 1125, 1152, 1158, 1], [615, 610, 615, 619, 2161], [1180, 1140, 1174, 1126, 1], [458, 468, 462, 460, 2772]], "shots_vpsr": [[922, 926, 922, 926, 1], [928, 929, 915, 923, 1], [38, 32, 32, 19, 1028], [21, 30, 27, 30, 1020], [406, 426, 430, 430, 1492], [285, 288, 281, 293, 1434], [197, 187, 196, 197, 1345], [409, 428, 419, 419, 1491], [412, 419, 426, 429, 1492], [286, 272, 290, 282, 1431]]}]}