{"pool_name": "QE", "initial_energy": -1.1166512474115222, "fci_energy": -1.1372633383635353, "data_list": [{"energies_statevector": [-1.1166512474115222], "energies_uniform": [-1.1170585145333958], "energies_vmsa": [-1.1168756535363609], "energies_vpsr": [-1.1177225617067044], "std_uniform": [0.001049220893369893], "std_vmsa": [0.0023884518401574213], "std_vpsr": [0.0038326176458125345], "shots_uniform": [[1024, 1024, 1024, 1024, 1024]], "shots_vmsa": [[1139, 1159, 1162, 1160, 1]], "shots_vpsr": [[920, 920, 923, 933, 1]]}, {"energies_statevector": [-1.1166512474115213, -1.116651243785073, -0.16669246730467863, -0.16669248313035723, -1.1367682481117052, -1.136768247546139, -1.1372632894962993, -1.1372632895019195, -1.1372633383635302, -1.1372633383635282], "energies_uniform": [-1.1179261705756482, -1.1175985861515325, -0.16243146290960592, -0.16769133940334446, -1.1381176393843297, -1.139708928314811, -1.137803426666554, -1.1351213823076598, -1.1338459135157215, -1.1393288893956204], "energies_vmsa": [-1.11627892720171, -1.1139840664823804, -0.1680437342696855, -0.16683217231759603, -1.137963329090308, -1.1389726150592572, -1.1385097613374624, -1.1366147616834188, -1.138382530831472, -1.1576735033012735], "energies_vpsr": [-1.1194727471997168, -1.1169948948802852, -0.16140249828112457, -0.15546872793710426, -1.1506359151910652, -1.1519302412318364, -1.1367038717185687, -1.1588665988858966, -1.1565700063017852, -1.1385250683471824], "std_uniform": [0.0029707072569726857, 0.0028469765453343053, 0.013580616095362727, 0.029263945449819605, 0.002904982177540196, 0.005846615137935175, 0.005048392770637597, 0.004816023621485626, 0.00816093315064756, 0.006987336191195335], "std_vmsa": [0.0025648787940598878, 0.0018516478761417504, 0.014627510646239121, 0.011376290499243782, 0.006199410663893944, 0.003661404362559349, 0.006523663225351892, 0.004504906556801613, 0.00546631210412591, 0.00244183254880975], "std_vpsr": [0.0023542066703854396, 0.002600018655318844, 0.020467520473689722, 0.02514500628265192, 0.003618458413942883, 0.0029669311649552117, 0.008285610183691875, 0.0021971933195558567, 0.0032635582521417686, 0.005701057488867191], "shots_uniform": [[1024, 1024, 1024, 1024, 1024], [1024, 1024, 1024, 1024, 1024], [1024, 1024, 1024, 1024, 1024], [1024, 1024, 1024, 1024, 1024], [1024, 1024, 1024, 1024, 1024], [1024, 1024, 1024, 1024, 1024], [1024, 1024, 1024, 1024, 1024], [1024, 1024, 1024, 1024, 1024], [1024, 1024, 1024, 1024, 1024], [1024, 1024, 1024, 1024, 1024]], "shots_vmsa": [[1160, 1162, 1156, 1143, 1], [1152, 1156, 1160, 1152, 1], [146, 128, 92, 105, 4149], [130, 87, 71, 138, 4193], [523, 517, 497, 515, 2568], [614, 611, 605, 625, 2165], [605, 618, 614, 618, 2165], [603, 612, 620, 615, 2170], [502, 515, 519, 506, 2578], [1166, 1162, 1141, 1151, 1]], "shots_vpsr": [[932, 932, 928, 903, 1], [924, 923, 925, 924, 1], [22, 35, 28, 22, 1019], [32, 25, 18, 22, 1010], [917, 936, 917, 926, 1], [924, 911, 934, 928, 1], [285, 294, 292, 277, 1434], [902, 944, 908, 941, 1], [920, 920, 930, 925, 1], [284, 276, 278, 284, 1429]]}]}