{"pool_name": "QE", "initial_energy": -1.1166512474115224, "fci_energy": -1.1372633383635353, "data_list": [{"energies_statevector": [-1.1166512474115224], "energies_uniform": [-1.1166512474115224], "energies_vmsa": [-1.1166512474115224], "energies_vpsr": [-1.1166512474115224], "std_uniform": [0.0], "std_vmsa": [0.0], "std_vpsr": [0.0], "shots_uniform": [[5000000, 5000000]], "shots_vmsa": [[9998000, 1]], "shots_vpsr": [[4999000, 1]]}, {"energies_statevector": [-1.1166512474115216, -1.1166512437850733, -0.16669246730467863, -0.16669248313035734, -1.1367682481403338, -1.1367682475747674, -1.1372632894913415, -1.1372632894969612, -1.137263338363534, -1.1372633383635333], "energies_uniform": [-1.1166512474115224, -1.1166512474115224, -0.0018444491215934234, -0.0017431041437021989, -1.1022771072956759, -1.1022723146329754, -1.0964927475850212, -1.0964852342517735, -1.096566715815529, -1.0965700473773798], "energies_vmsa": [-1.1166512474115224, -1.1166512474115224, -0.0018394741967136662, -0.0018377041472782674, -1.1022764491786974, -1.102286077365751, -1.0964855970199405, -1.0965095304819688, -1.096567151575244, -1.0965635390366275], "energies_vpsr": [-1.1166512474115224, -1.1166512474115224, -0.00184180486678875, -0.0017946749384054762, -1.1022908363420798, -1.1022810853224145, -1.096505231340546, -1.096511083212167, -1.0965625343288519, -1.096569545236402], "std_uniform": [0.0, 0.0, 0.0003169763738499953, 0.0003153474291773612, 7.943462818173906e-05, 6.0940463061209544e-05, 6.845029078736218e-05, 7.481016863440306e-05, 8.343187544262008e-05, 8.059848339499243e-05], "std_vmsa": [0.0, 0.0, 0.0002488593663169927, 0.0002542383927907501, 5.076725925905548e-05, 6.088857689188108e-05, 5.710737514480675e-05, 5.7368845715750235e-05, 6.20979841705777e-05, 5.800633519793536e-05], "std_vpsr": [0.0, 0.0, 0.0003685537383729718, 0.00026596901807352105, 6.955226582970323e-05, 5.7378531964645414e-05, 8.567298187164637e-05, 7.482791443238014e-05, 9.675762621627069e-05, 7.366526976661011e-05], "shots_uniform": [[5000000, 5000000], [5000000, 5000000], [5000000, 5000000], [5000000, 5000000], [5000000, 5000000], [5000000, 5000000], [5000000, 5000000], [5000000, 5000000], [5000000, 5000000], [5000000, 5000000]], "shots_vmsa": [[9998000, 1], [9998000, 1], [9998000, 1], [9998000, 1], [9998000, 1], [9998000, 1], [9998000, 1], [9998000, 1], [9998000, 1], [9998000, 1]], "shots_vpsr": [[4999000, 1], [4999000, 1], [4999000, 1], [4999000, 1], [4999000, 1], [4999000, 1], [4999000, 1], [4999000, 1], [4999000, 1], [4999000, 1]]}]}