{"pool_name": "QE", "initial_energy": -1.1166512474115222, "fci_energy": -1.1372633383635353, "data_list": [{"energies_statevector": [-1.1166512474115222], "energies_uniform": [-1.1162178868622228], "energies_vmsa": [-1.1165606595615458], "energies_vpsr": [-1.1163941380132065], "std_uniform": [0.003028208490229723], "std_vmsa": [0.0026861966950187527], "std_vpsr": [0.0030786888869592656], "shots_uniform": [[1000, 1000, 1000, 1000, 1000]], "shots_vmsa": [[1126, 1126, 1124, 1124, 1]], "shots_vpsr": [[899, 902, 902, 897, 1]]}, {"energies_statevector": [-1.1166512474115213, -1.116651243785073, -0.16669246730467863, -0.16669248313035723, -1.1367682481117052, -1.136768247546139, -1.1372632894962993, -1.1372632895019195, -1.1372633383635302, -1.1372633383635282], "energies_uniform": [-1.1172459849017742, -1.1163158009612277, -0.1644567456163681, -0.1662049729674507, -1.136212563749451, -1.1372659785939099, -1.1364919433433913, -1.1362600866130037, -1.1375347147922517, -1.135922299168895], "energies_vmsa": [-1.1169619375882038, -1.1169041506778694, -0.1683938376599533, -0.16735263960450467, -1.1506380471704605, -1.1363203010280163, -1.136030792940318, -1.1369692259210573, -1.137210327997944, -1.0950639304620977], "energies_vpsr": [-1.1164907293719901, -1.1162219967321338, -0.15969075343641972, -0.1686946586405794, -1.1371988192296458, -1.1373694231705564, -1.138035030796634, -1.157303201802386, -1.1377603521667483, -1.1371251360965424], "std_uniform": [0.0030430934769949867, 0.0031215509213976217, 0.022585280941788584, 0.0207127534637729, 0.00598580084362496, 0.0047754241699634135, 0.007863062230767472, 0.006777937571654289, 0.005631648477960622, 0.0070121977231500255], "std_vmsa": [0.002621298491690101, 0.0026080703064852847, 0.011576427463974161, 0.01254948846464626, 0.002257260786207699, 0.005055082303058011, 0.005134589416594847, 0.005100764526319063, 0.004750424986431068, 0.30821810093792057], "std_vpsr": [0.003150619791232497, 0.002605268484359932, 0.02320613974253917, 0.022592756191121163, 0.006458331060621581, 0.005649300483153507, 0.006987718307283472, 0.0032486974830002544, 0.006866491314316056, 0.007148221170219664], "shots_uniform": [[1000, 1000, 1000, 1000, 1000], [1000, 1000, 1000, 1000, 1000], [1000, 1000, 1000, 1000, 1000], [1000, 1000, 1000, 1000, 1000], [1000, 1000, 1000, 1000, 1000], [1000, 1000, 1000, 1000, 1000], [1000, 1000, 1000, 1000, 1000], [1000, 1000, 1000, 1000, 1000], [1000, 1000, 1000, 1000, 1000], [1000, 1000, 1000, 1000, 1000]], "shots_vmsa": [[1110, 1129, 1129, 1132, 1], [1130, 1122, 1129, 1119, 1], [117, 117, 53, 75, 4138], [94, 137, 94, 104, 4071], [1120, 1124, 1142, 1115, 1], [507, 510, 499, 497, 2488], [338, 319, 319, 297, 3227], [593, 600, 597, 586, 2124], [602, 587, 594, 602, 2115], [1144, 1075, 1141, 1141, 1]], "shots_vpsr": [[903, 895, 898, 904, 1], [901, 899, 900, 899, 1], [27, 29, 17, 21, 984], [32, 12, 21, 36, 990], [286, 282, 283, 279, 1399], [418, 401, 419, 415, 1453], [401, 415, 404, 416, 1453], [908, 904, 875, 912, 1], [287, 272, 267, 278, 1394], [270, 281, 287, 280, 1397]]}]}