{"pool_name": "QE", "initial_energy": -1.1166512474115224, "fci_energy": -1.1372633383635353, "data_list": [{"energies_statevector": [-1.1166512474115224], "energies_uniform": [-1.0803867662986038], "energies_vmsa": [-1.1122925357392968], "energies_vpsr": [-1.1130339569974814], "std_uniform": [0.009066120278229617], "std_vmsa": [0.011913811904084026], "std_vpsr": [0.01790329812519076], "shots_uniform": [[20, 20, 20, 20, 20]], "shots_vmsa": [[12, 13, 13, 12, 1]], "shots_vpsr": [[10, 11, 11, 9, 1]]}, {"energies_statevector": [-1.1166512474115216, -1.1166512437850733, -0.16669246730467863, -0.16669248313035734, -1.1367682481403338, -1.1367682475747674, -1.1372632894913415, -1.1372632894969612, -1.137263338363534, -1.1372633383635333], "energies_uniform": [-1.0985190068550632, -1.1234508376201948, -0.37679222213963304, -0.13835637371801096, -1.1370500180375394, -1.1226202957439932, -1.1801140893591302, -1.109021115326649, -1.1279838977593097, -1.161981848802671], "energies_vmsa": [-1.1198476359711549, -1.1084850728962052, -0.19585016733314783, -0.09200266564642434, -1.147411298355516, -1.1425129366667288, -1.162853591137116, -1.1526832639019224, -1.1860736369546099, -1.1336294671633356], "energies_vpsr": [-1.123450837620195, -1.1449828732809901, -0.11712706121579297, -0.1958501673331478, -1.1226953275970089, -1.1755810292200155, -1.1393165481070966, -1.1303420048013746, -1.1971016177592475, -1.0259900446292258], "std_uniform": [0.027198360834689073, 0.020398770626016693, 0.1945412352238297, 0.10901853889780261, 0.011332650347787077, 0.0393615530586775, 0.013599180417344536, 0.0393615530586775, 0.024931830765131613, 0.004533060139114697], "std_vmsa": [0.014819619685567886, 0.06482942625425259, 0.08747011790817202, 0.0, 0.0016189500496837095, 0.007845681010006489, 0.03516027415595491, 0.02092181602668375, 0.011728896863444138, 0.01240440282823041], "std_vpsr": [0.011332650347787077, 0.001545361411061874, 0.07872310611735489, 0.15744621223470973, 0.0, 0.0045330601391149195, 0.022665300695574153, 0.035211345929083926, 0.008654023901946362, 0.09066120278229661], "shots_uniform": [[20, 20, 20, 20, 20], [20, 20, 20, 20, 20], [20, 20, 20, 20, 20], [20, 20, 20, 20, 20], [20, 20, 20, 20, 20], [20, 20, 20, 20, 20], [20, 20, 20, 20, 20], [20, 20, 20, 20, 20], [20, 20, 20, 20, 20], [20, 20, 20, 20, 20]], "shots_vmsa": [[13, 13, 13, 12, 1], [1, 17, 16, 17, 1], [1, 3, 3, 1, 45], [1, 1, 1, 3, 47], [14, 14, 14, 8, 1], [12, 12, 13, 12, 1], [13, 13, 13, 12, 1], [12, 13, 12, 13, 1], [13, 13, 13, 11, 1], [11, 12, 13, 14, 1]], "shots_vpsr": [[10, 10, 8, 10, 1], [10, 11, 10, 8, 1], [1, 1, 1, 1, 10], [1, 1, 1, 1, 10], [10, 9, 10, 10, 1], [10, 10, 1, 10, 1], [10, 10, 10, 10, 1], [10, 11, 11, 9, 1], [11, 10, 9, 11, 1], [1, 1, 1, 1, 12]]}]}