{"pool_name": "QE", "initial_energy": -0.8413485984542795, "fci_energy": -0.9663345447803098, "data_list": [{"energies_statevector": [-0.8413485984542795], "energies_uniform": [-0.8414223660354387], "energies_vmsa": [-0.8413838738266662], "energies_vpsr": [-0.8411348192917538], "std_uniform": [0.0014502074694648156], "std_vmsa": [0.0011583499675872487], "std_vpsr": [0.0013075356450621125], "shots_uniform": [[10000, 10000, 10000, 10000, 10000]], "shots_vmsa": [[12323, 12528, 12162, 12488, 1]], "shots_vpsr": [[9933, 9933, 9853, 9879, 1]]}, {"energies_statevector": [-0.841348598454279, -0.8413485935527785, -0.8124305368691761, -0.8124305421420388, -0.9663191109023609, -0.9663191108412202, -0.966334112698392, -0.9663341127086227, -0.9663345447803086, -0.9663345447803081], "energies_uniform": [-0.8414722388021031, -0.8412854916365103, -0.8125094877831215, -0.8124446890749732, -0.9663310804572454, -0.9662233415059752, -0.9664700870642525, -0.9662176004887632, -0.966283144733177, -0.9664294113348438], "energies_vmsa": [-0.8412687762485175, -0.8413460584309166, -0.8123828562428487, -0.8124398005505407, -0.9663225890180074, -0.9664378504935921, -0.9663343870085106, -0.9665415822697857, -0.9663072231332402, -0.9662784579917427], "energies_vpsr": [-0.8412353443048183, -0.8412796613919445, -0.8126401356347124, -0.8122949551453915, -0.9659473973903261, -0.9663890098881579, -0.9664370268606358, -0.966306914191987, -0.9665142892987442, -0.9663590198168501], "std_uniform": [0.0011698900609512805, 0.0012727411162363521, 0.0017133277606611738, 0.0017130522454185367, 0.0015488220257634955, 0.001423741023868128, 0.0014454943366950586, 0.0016866617334410495, 0.0016879418094617401, 0.0013455385690858755], "std_vmsa": [0.0011627005526990513, 0.0010982020216981179, 0.001257422640324713, 0.0011549456348572283, 0.001269294914228499, 0.0013028758202339335, 0.0012605280509149037, 0.001261750218737423, 0.0013451248498557963, 0.0012396372624001693], "std_vpsr": [0.0012396942174313064, 0.0013144624940918078, 0.0019195835024576715, 0.0016321818025678016, 0.0016616435899517949, 0.0013490872605895733, 0.001749481448088544, 0.001636740101461861, 0.0014900663296416906, 0.001440800247102106], "shots_uniform": [[10000, 10000, 10000, 10000, 10000], [10000, 10000, 10000, 10000, 10000], [10000, 10000, 10000, 10000, 10000], [10000, 10000, 10000, 10000, 10000], [10000, 10000, 10000, 10000, 10000], [10000, 10000, 10000, 10000, 10000], [10000, 10000, 10000, 10000, 10000], [10000, 10000, 10000, 10000, 10000], [10000, 10000, 10000, 10000, 10000], [10000, 10000, 10000, 10000, 10000]], "shots_vmsa": [[12424, 12411, 12231, 12434, 1], [12381, 12403, 12313, 12403, 1], [4079, 5211, 2379, 5211, 32621], [4864, 6055, 5695, 3807, 29078], [6053, 6694, 7251, 6385, 23117], [5847, 7248, 6168, 6744, 23492], [7122, 7397, 4961, 5808, 24213], [7165, 5436, 6391, 5780, 24728], [6661, 5432, 6387, 5432, 25589], [7009, 6471, 5503, 7009, 23509]], "shots_vpsr": [[9964, 9940, 9771, 9922, 1], [9916, 9887, 9887, 9910, 1], [1094, 2611, 1876, 2155, 14165], [1501, 2102, 2910, 2337, 14516], [3636, 2879, 3636, 3939, 15615], [4377, 4377, 4196, 4003, 15922], [2782, 3031, 4680, 3994, 15587], [4164, 3456, 4164, 4894, 15861], [4604, 3918, 3714, 4604, 15890], [4378, 3517, 4378, 3163, 15749]]}]}