{"pool_name": "QE", "initial_energy": -0.8413485984542795, "fci_energy": -0.9663345447803098, "data_list": [{"energies_statevector": [-0.8413485984542795], "energies_uniform": [-0.8426474960627328], "energies_vmsa": [-0.8390454601715586], "energies_vpsr": [-0.8426253114628597], "std_uniform": [0.002106576263848675], "std_vmsa": [0.001439245702893689], "std_vpsr": [0.0017135256128408913], "shots_uniform": [[2000, 2000, 2000, 2000, 2000]], "shots_vmsa": [[2320, 2402, 2400, 2379, 1]], "shots_vpsr": [[1908, 1911, 1905, 1876, 1]]}, {"energies_statevector": [-0.841348598454279, -0.8413485935527785, -0.8124305368691761, -0.8124305421420388, -0.9663191109023609, -0.9663191108412202, -0.966334112698392, -0.9663341127086227, -0.9663345447803086, -0.9663345447803081], "energies_uniform": [-0.8410422546787008, -0.8412138071930247, -0.8108901850522399, -0.8106963316737001, -0.9680783978035793, -0.9656489313282741, -0.9676653698365397, -0.9639584929090838, -0.9670540907447656, -0.9668381399289883], "energies_vmsa": [-0.842237247860675, -0.8407107476331891, -0.8139186852556204, -0.8123473546003058, -0.965211785085841, -0.9669449578035177, -0.966313176341248, -0.964119936633252, -0.9659208611124436, -0.9653321802760102], "energies_vpsr": [-0.8407643583446097, -0.840569580099707, -0.81308828809537, -0.8159320703027355, -0.9644138212181849, -0.9663473432038071, -0.9670620751210606, -0.9664968455129662, -0.9674907775994124, -0.9670732872978114], "std_uniform": [0.0024071682204520367, 0.0019626668948845346, 0.006235744426462937, 0.0020599479545218074, 0.002383032614509997, 0.0016208053344187127, 0.0036753180075029335, 0.0017526588967306616, 0.003625235108924676, 0.004044930271672994], "std_vmsa": [0.002364085767917045, 0.0018726458579682883, 0.0017634422016296267, 0.0036772301937454933, 0.004674938374785429, 0.0014247749821218942, 0.0015285104643092422, 0.0026547417388878007, 0.001429449329355618, 0.0035534370672215916], "std_vpsr": [0.0015339571865102732, 0.0016863784583916997, 0.0030241827280142364, 0.0041101845855288695, 0.0031092149274148276, 0.004004214628974717, 0.0011806895579357323, 0.0023550126719504003, 0.0026365958955759496, 0.0036888148092050614], "shots_uniform": [[2000, 2000, 2000, 2000, 2000], [2000, 2000, 2000, 2000, 2000], [2000, 2000, 2000, 2000, 2000], [2000, 2000, 2000, 2000, 2000], [2000, 2000, 2000, 2000, 2000], [2000, 2000, 2000, 2000, 2000], [2000, 2000, 2000, 2000, 2000], [2000, 2000, 2000, 2000, 2000], [2000, 2000, 2000, 2000, 2000], [2000, 2000, 2000, 2000, 2000]], "shots_vmsa": [[2346, 2385, 2385, 2385, 1], [2370, 2370, 2385, 2375, 1], [1224, 932, 838, 932, 5573], [905, 460, 1322, 1007, 5805], [1186, 1072, 1284, 1131, 4826], [1078, 1078, 678, 1336, 5331], [1318, 1176, 1176, 1121, 4710], [1096, 1289, 1229, 1096, 4789], [970, 1042, 1278, 1225, 4986], [1383, 1116, 1049, 1177, 4774]], "shots_vpsr": [[1900, 1915, 1913, 1872, 1], [1923, 1920, 1917, 1838, 1], [283, 396, 479, 283, 2709], [383, 533, 314, 314, 2741], [776, 881, 994, 532, 3024], [632, 672, 540, 709, 2977], [666, 583, 666, 826, 3000], [749, 611, 855, 611, 3007], [720, 690, 587, 690, 2998], [801, 764, 764, 725, 3041]]}]}