{"pool_name": "QE", "initial_energy": -0.2898, "fci_energy": -1.2775555229656779, "data_list": [{"energies_statevector": [-0.2898], "energies_uniform": [-0.2903942459508098], "energies_vmsa": [-0.2902245477349373], "energies_vpsr": [-0.291330678662799], "std_uniform": [0.004733845701166474], "std_vmsa": [0.003127815106105995], "std_vpsr": [0.004280414323308304], "shots_uniform": [[1667, 1667, 1666]], "shots_vmsa": [[2352, 2348, 1]], "shots_vpsr": [[1562, 1571, 1]]}]}