{"pool_name": "QE", "initial_energy": -1.1166512474115222, "fci_energy": -1.1372633383635353, "data_list": [{"energies_statevector": [-1.1166512474115222], "energies_uniform": [-1.117023100001059], "energies_vmsa": [-1.1156403893421638], "energies_vpsr": [-1.116426212653836], "std_uniform": [0.002087205270466146], "std_vmsa": [0.002825843221766233], "std_vpsr": [0.004379594783565059], "shots_uniform": [[1024, 1024, 1024, 1024, 1024]], "shots_vmsa": [[1160, 1148, 1158, 1154, 1]], "shots_vpsr": [[921, 926, 926, 923, 1]]}, {"energies_statevector": [-1.1166512474115213, -1.116651243785073, -0.16669246730467863, -0.16669248313035723, -1.1367682481117052, -1.136768247546139, -1.1372632894962993, -1.1372632895019195, -1.1372633383635302, -1.1372633383635282], "energies_uniform": [-1.1161997121242275, -1.118386559496027, -0.1649269745081101, -0.17478331147989284, -1.1400415156021855, -1.1391092462897612, -1.1367973567991578, -1.1359374022965558, -1.1394811597171068, -1.1361844247433863], "energies_vmsa": [-1.1161257045730948, -1.11740628698375, -0.16946868706590507, -0.1637893725504369, -1.1372432276866573, -1.150139997129075, -1.158006606036181, -1.136825380000936, -1.139083086570626, -1.1385334945419778], "energies_vpsr": [-1.1153482397689038, -1.1193008190627252, -0.1733106486349832, -0.18407562522739968, -1.1503804214253446, -1.137141174971729, -1.1358111216508058, -1.1575369297013656, -1.1337642549357072, -1.1401424029937872], "std_uniform": [0.003057119889289282, 0.0021752567502313566, 0.013735782664749585, 0.02459574310077045, 0.005203727018944847, 0.005274301498203714, 0.0049749049763556695, 0.008997317157651947, 0.005925989646684947, 0.004721780552261165], "std_vmsa": [0.0024610173739513853, 0.0023738969829758096, 0.01385973162050431, 0.01148978690123044, 0.002759660330712145, 0.0026907178049285006, 0.0031106873097866755, 0.004855718554511365, 0.005300160041315524, 0.0035147818805042696], "std_vpsr": [0.003459502870674458, 0.002083093144873393, 0.01596445114772788, 0.018906148555525793, 0.003218568699179855, 0.005677833064659799, 0.003631294973732409, 0.0035147639353591657, 0.00623584616802373, 0.00808579510208003], "shots_uniform": [[1024, 1024, 1024, 1024, 1024], [1024, 1024, 1024, 1024, 1024], [1024, 1024, 1024, 1024, 1024], [1024, 1024, 1024, 1024, 1024], [1024, 1024, 1024, 1024, 1024], [1024, 1024, 1024, 1024, 1024], [1024, 1024, 1024, 1024, 1024], [1024, 1024, 1024, 1024, 1024], [1024, 1024, 1024, 1024, 1024], [1024, 1024, 1024, 1024, 1024]], "shots_vmsa": [[1157, 1158, 1158, 1147, 1], [1148, 1159, 1155, 1158, 1], [106, 106, 118, 106, 4183], [138, 118, 138, 106, 4120], [621, 612, 614, 621, 2151], [1173, 1162, 1115, 1171, 1], [1138, 1173, 1145, 1164, 1], [621, 621, 604, 613, 2161], [455, 450, 460, 462, 2793], [626, 605, 609, 587, 2193]], "shots_vpsr": [[918, 921, 929, 927, 1], [905, 932, 927, 932, 1], [40, 24, 33, 33, 1036], [22, 35, 22, 25, 1016], [932, 925, 927, 911, 1], [424, 427, 402, 409, 1491], [410, 362, 408, 430, 1487], [942, 921, 946, 885, 1], [424, 387, 416, 416, 1490], [412, 423, 417, 423, 1491]]}]}