{"pool_name": "QE", "initial_energy": -7.8625676, "fci_energy": -7.869863827996727, "data_list": [{"energies_statevector": [-7.8625676], "energies_uniform": [-7.8564606119140645], "energies_vmsa": [-7.856398888923266], "energies_vpsr": [-7.857876962314914], "std_uniform": [0.0011319072265614238], "std_vmsa": [0.001116924460737856], "std_vpsr": [0.00027688579056217577], "shots_uniform": [[512, 512, 512, 512, 512, 512, 512, 512, 512]], "shots_vmsa": [[71, 71, 86, 82, 1114, 309, 1376, 276, 324]], "shots_vpsr": [[24, 24, 28, 25, 529, 107, 553, 103, 128]]}]}