{"pool_name": "QE", "initial_energy": -1.1166512474115222, "fci_energy": -1.1372633383635353, "data_list": [{"energies_statevector": [-1.1166512474115222, -1.1166512474115213, -1.116651243785073, -0.16669246730467863, -0.16669248313035723, -1.1367682481117052, -1.136768247546139, -1.1372632894962993, -1.1372632895019195, -1.1372633383635302, -1.1372633383635282], "energies_uniform": [-1.1150646763628318, -1.1198243895089026, -1.110758269230673, -0.18581689039537963, -0.23092782281557062, -1.1503394912603075, -1.1244785389114482, -1.136861400106394, -1.1566857754550681, -1.1208901258759671, -1.1407975554122618], "energies_vmsa": [-1.1166184873498106, -1.1166393086448028, -1.1163089500566192, -0.1908146710008664, -0.1732328175930669, -1.146769683487636, -1.15833446668266, -1.1545114435407007, -1.1518803450292445, -1.1542882383998951, -1.1557818986538941], "energies_vpsr": [-1.122854382338732, -1.1156670152569648, -1.1195060093977736, -0.1688762276880983, -0.15027994333401973, -1.151193666775164, -1.1426463725765923, -1.1538387267494465, -1.1558167279456515, -1.1561748291601734, -1.1553743636890925], "std_uniform": [0.006119631187805008, 0.006346284194760798, 0.0013599180417344092, 0.001586571048690144, 0.0143016489941164, 0.006655991389336702, 0.003339250472620736, 0.003936155305867772, 0.008015909431071111, 0.026707019744966698, 0.004986366153026278], "std_vmsa": [0.002736725155283559, 0.0028575272569258963, 0.0015693853593660156, 0.01492266572307066, 0.009547454986669313, 0.0006661659404405551, 0.0023235140645428976, 0.0033216388950410014, 0.004194835754418258, 0.000231535554724549, 0.002987524987949519], "std_vpsr": [0.0023858211258499518, 0.00045980542574020067, 0.0009647593762192042, 0.05425310401375516, 0.013417866012058355, 0.0005117038549894426, 0.01955371547354412, 0.011650040899209069, 0.004252578829413323, 0.010932409918837482, 0.0023493416391795474], "shots_uniform": [[200, 200, 200, 200, 200], [200, 200, 200, 200, 200], [200, 200, 200, 200, 200], [200, 200, 200, 200, 200], [200, 200, 200, 200, 200], [200, 200, 200, 200, 200], [200, 200, 200, 200, 200], [200, 200, 200, 200, 200], [200, 200, 200, 200, 200], [200, 200, 200, 200, 200], [200, 200, 200, 200, 200]], "shots_vmsa": [[207, 237, 253, 253, 1], [223, 239, 244, 244, 1], [210, 241, 258, 241, 1], [1, 1, 1, 52, 898], [43, 1, 1, 1, 907], [263, 172, 229, 286, 1], [223, 239, 244, 244, 1], [253, 232, 232, 232, 1], [236, 257, 252, 206, 1], [245, 240, 240, 225, 1], [210, 258, 241, 241, 1]], "shots_vpsr": [[190, 190, 190, 190, 1], [189, 189, 193, 189, 1], [192, 167, 192, 205, 1], [1, 12, 1, 9, 208], [7, 1, 1, 10, 205], [192, 192, 180, 196, 1], [24, 24, 24, 24, 253], [187, 163, 200, 204, 1], [193, 189, 189, 189, 1], [192, 192, 180, 196, 1], [191, 195, 179, 195, 1]]}]}