{"pool_name": "QE", "initial_energy": -0.7964, "fci_energy": -1.2775555229656779, "data_list": [{"energies_statevector": [-0.7964], "energies_uniform": [-0.7961470041991602], "energies_vmsa": [-0.7956795671911169], "energies_vpsr": [-0.7963135435573182], "std_uniform": [0.003880632033661861], "std_vmsa": [0.0032485684592959674], "std_vpsr": [0.0040703211315450665], "shots_uniform": [[1667, 1667, 1666]], "shots_vmsa": [[2359, 2341, 1]], "shots_vpsr": [[1569, 1564, 1]]}]}