{"pool_name": "QE", "initial_energy": -0.2898, "fci_energy": -1.2775555229656779, "data_list": [{"energies_statevector": [-0.2898], "energies_uniform": [-0.28999890226195474], "energies_vmsa": [-0.28997366277666], "energies_vpsr": [-0.28979140123675795], "std_uniform": [0.0014546306186513488], "std_vmsa": [0.0012165121145764973], "std_vpsr": [0.0012946996545470592], "shots_uniform": [[16667, 16667, 16666]], "shots_vmsa": [[24850, 24850, 1]], "shots_vpsr": [[16527, 16607, 1]]}]}