{"pool_name": "QE", "initial_energy": -1.1166512474115224, "fci_energy": -1.1372633383635353, "data_list": [{"energies_statevector": [-1.1166512474115224], "energies_uniform": [-1.1166408431318913], "energies_vmsa": [-1.1166586954481674], "energies_vpsr": [-1.1166436612749664], "std_uniform": [5.975493578397491e-05], "std_vmsa": [6.22329578686748e-05], "std_vpsr": [7.313536995750613e-05], "shots_uniform": [[2000000, 2000000, 2000000, 2000000, 2000000]], "shots_vmsa": [[2499253, 2500058, 2497957, 2497732, 1]], "shots_vpsr": [[1998987, 1998759, 1999047, 1999207, 1]]}, {"energies_statevector": [-1.1166512474115216, -1.1166512437850733, -0.16669246730467863, -0.16669248313035734, -1.1367682481403338, -1.1367682475747674, -1.1372632894913415, -1.1372632894969612, -1.137263338363534, -1.1372633383635333], "energies_uniform": [-1.1166535030622478, -1.1166522211128405, -0.16668210900460406, -0.16678578046753642, -1.136761850771819, -1.1367806219584375, -1.1372595097936204, -1.1372573464366584, -1.1372777951110296, -1.1372867232984705], "energies_vmsa": [-1.116637610045654, -1.1166424811289932, -0.16667023606308567, -0.16675659894412276, -1.1367480009780042, -1.1367730824233409, -1.1372323237050057, -1.1372571972107999, -1.137262183479398, -1.1372582350307243], "energies_vpsr": [-1.1166365008219017, -1.116649545454053, -0.16666431925453085, -0.1667375240280132, -1.1367892869251603, -1.1367610280539795, -1.1372855221017912, -1.1372554044586833, -1.1372553030831143, -1.137280356969416], "std_uniform": [6.096432517066406e-05, 6.314488291408917e-05, 0.0005312134086960329, 0.0005260380301100175, 0.0001344172159193089, 0.00010580265128870104, 0.00015965523749430732, 0.00011495417072528115, 0.00010366813226793387, 0.00014497588142125406], "std_vmsa": [5.04847886501402e-05, 5.13661318971845e-05, 0.0002755616139353649, 0.00026707115477797344, 0.00011855804957668008, 0.0001145717615389927, 9.489067044070552e-05, 0.00011638086417796638, 9.963430506654134e-05, 0.00010782665498303295], "std_vpsr": [7.252398744638334e-05, 5.201112696110968e-05, 0.0005631854511714835, 0.00045661272437569946, 0.00013306533319109453, 0.00012358718345897353, 0.0001511594353657624, 0.00015232610799818601, 0.0001162964964873609, 0.00011511049261871343], "shots_uniform": [[2000000, 2000000, 2000000, 2000000, 2000000], [2000000, 2000000, 2000000, 2000000, 2000000], [2000000, 2000000, 2000000, 2000000, 2000000], [2000000, 2000000, 2000000, 2000000, 2000000], [2000000, 2000000, 2000000, 2000000, 2000000], [2000000, 2000000, 2000000, 2000000, 2000000], [2000000, 2000000, 2000000, 2000000, 2000000], [2000000, 2000000, 2000000, 2000000, 2000000], [2000000, 2000000, 2000000, 2000000, 2000000], [2000000, 2000000, 2000000, 2000000, 2000000]], "shots_vmsa": [[2495171, 2499316, 2500297, 2500217, 1], [2499063, 2497942, 2498438, 2499558, 1], [225605, 214473, 238666, 262470, 9053785], [226316, 279781, 259553, 205747, 9023603], [1441321, 1434077, 1444792, 1436417, 4238392], [1307584, 1309325, 1288526, 1285903, 4803662], [1239147, 1232555, 1257874, 1243429, 5021995], [1306212, 1284188, 1293003, 1293640, 4817956], [1267376, 1265557, 1277233, 1266775, 4918059], [1185673, 1170352, 1174206, 1179626, 5285144]], "shots_vpsr": [[2003691, 2003049, 2001417, 1987758, 1], [1997801, 1999850, 1998341, 2000006, 1], [56671, 61695, 61094, 56005, 2206068], [57600, 58179, 57014, 53967, 2199261], [799531, 796051, 800119, 796715, 3197851], [1024478, 1025314, 1026932, 1018129, 3233915], [564242, 558755, 561397, 559030, 3055065], [624325, 623498, 618017, 625905, 3103725], [910500, 910073, 904150, 911343, 3227104], [833234, 833876, 826412, 824397, 3208415]]}]}