{"pool_name": "QE", "initial_energy": -7.8625676, "fci_energy": -7.869863827996727, "data_list": [{"energies_statevector": [-7.8625676], "energies_uniform": [-7.855250961132814], "energies_vmsa": [-7.855649929667174], "energies_vpsr": [-7.85247597141794], "std_uniform": [0.0018789533203134035], "std_vmsa": [0.0022698703334835812], "std_vpsr": [0.0005639961691366047], "shots_uniform": [[512, 512, 512, 512, 512, 512, 512, 512, 512]], "shots_vmsa": [[71, 70, 80, 82, 1150, 311, 1156, 299, 490]], "shots_vpsr": [[41, 41, 46, 45, 177, 176, 700, 180, 378]]}]}