{"pool_name": "QE", "initial_energy": -1.1166512474115222, "fci_energy": -1.1372633383635353, "data_list": [{"energies_statevector": [-1.1166512474115222], "energies_uniform": [-1.1145706436367333], "energies_vmsa": [-1.1158107163657178], "energies_vpsr": [-1.116942976230178], "std_uniform": [0.001862737913322828], "std_vmsa": [0.002632707883397855], "std_vpsr": [0.0021890338180660003], "shots_uniform": [[1024, 1024, 1024, 1024, 1024]], "shots_vmsa": [[1154, 1155, 1155, 1155, 1]], "shots_vpsr": [[928, 926, 926, 917, 1]]}, {"energies_statevector": [-1.1166512474115213, -1.116651243785073, -0.16669246730467863, -0.16669248313035723, -1.1367682481117052, -1.136768247546139, -1.1372632894962993, -1.1372632895019195, -1.1372633383635302, -1.1372633383635282], "energies_uniform": [-1.1163767847859118, -1.1150044716578593, -0.1696152156212003, -0.1799419472398798, -1.1358481986622833, -1.1375082244466683, -1.1358320379790732, -1.1363269621522614, -1.1352362067238482, -1.136726254920578], "energies_vmsa": [-1.1172921644644265, -1.117224469945694, -0.16823023808018395, -0.16284392502770045, -1.15158320250946, -0.9948860185835271, -1.1412540940836347, -1.1341007811016905, -1.1578054436781264, -1.1387814403991672], "energies_vpsr": [-1.1163758693753951, -1.1172465751639433, -0.1762953274321299, -0.1770395303521401, -1.1376704011227523, -1.1382957651354335, -1.13657744810078, -1.1391981442374157, -1.1361981681361184, -1.138564025161316], "std_uniform": [0.002210378254586549, 0.002147695035349887, 0.02285845748089586, 0.023452600707887527, 0.0038978767345448275, 0.0053581851399222705, 0.007836226735255882, 0.006286874303598818, 0.003350867540901235, 0.008022623033239341], "std_vmsa": [0.0017384055137527209, 0.001962612355652179, 0.01351080157691218, 0.006029861653835151, 0.002301897582865351, 0.47194393948130064, 0.004488010302343219, 0.0033565095483793377, 0.002235946225378827, 0.0029826768223408582], "std_vpsr": [0.003367612243504619, 0.0019526570838560313, 0.015819634968921158, 0.022759919069108903, 0.0054497236979664816, 0.007154399415932225, 0.005027593200826215, 0.0045299688811158405, 0.00463578763546418, 0.008334080937439838], "shots_uniform": [[1024, 1024, 1024, 1024, 1024], [1024, 1024, 1024, 1024, 1024], [1024, 1024, 1024, 1024, 1024], [1024, 1024, 1024, 1024, 1024], [1024, 1024, 1024, 1024, 1024], [1024, 1024, 1024, 1024, 1024], [1024, 1024, 1024, 1024, 1024], [1024, 1024, 1024, 1024, 1024], [1024, 1024, 1024, 1024, 1024], [1024, 1024, 1024, 1024, 1024]], "shots_vmsa": [[1146, 1160, 1155, 1160, 1], [1152, 1156, 1156, 1156, 1], [92, 75, 117, 105, 4231], [126, 152, 115, 144, 4084], [1191, 1196, 1144, 1089, 1], [1095, 1177, 1198, 1151, 1], [520, 524, 505, 511, 2560], [583, 626, 623, 589, 2199], [1157, 1157, 1124, 1182, 1], [631, 548, 628, 626, 2186]], "shots_vpsr": [[923, 924, 924, 925, 1], [920, 923, 925, 929, 1], [25, 21, 27, 25, 1011], [25, 22, 22, 28, 1009], [391, 419, 426, 426, 1490], [431, 432, 429, 421, 1493], [391, 423, 424, 431, 1491], [421, 429, 426, 412, 1492], [426, 429, 421, 403, 1491], [292, 279, 284, 283, 1432]]}]}