{"pool_name": "QE", "initial_energy": -0.7964, "fci_energy": -1.2775555229656779, "data_list": [{"energies_statevector": [-0.7964], "energies_uniform": [-0.7956204199160168], "energies_vmsa": [-0.7962870949315376], "energies_vpsr": [-0.7967706699159612], "std_uniform": [0.004456262056040285], "std_vmsa": [0.003717962103696103], "std_vpsr": [0.0037646973626235484], "shots_uniform": [[1667, 1667, 1666]], "shots_vmsa": [[2344, 2356, 1]], "shots_vpsr": [[1574, 1559, 1]]}]}