{"pool_name": "QE", "initial_energy": -7.8625676, "fci_energy": -7.869863827996727, "data_list": [{"energies_statevector": [-7.8625676], "energies_uniform": [-7.8626239624431635], "energies_vmsa": [-7.8625601921806085], "energies_vpsr": [-7.862605593333448], "std_uniform": [0.0007976979599065425], "std_vmsa": [0.0006653628393377948], "std_vpsr": [0.0008484360305527519], "shots_uniform": [[1024, 1024, 1024, 1024, 1024, 1024, 1024, 1024, 1024]], "shots_vmsa": [[400, 400, 448, 427, 1751, 1741, 1575, 1573, 1]], "shots_vpsr": [[262, 258, 295, 282, 1148, 1151, 1008, 1029, 1]]}, {"energies_statevector": [-7.862567599999997, -7.862567600516427, -7.772583356357052, -7.772583354685058, -7.8665429042074875, -7.866542904282142, -7.866625673038635, -7.8666256730372295, -7.866625702256732, -7.866625702256736], "energies_uniform": [-7.862571642338671, -7.862540847275194, -7.772627629622657, -7.772571155251759, -7.866512733847656, -7.866407907225001, -7.866672413819531, -7.866652030624414, -7.866693941660352, -7.86669492803086], "energies_vmsa": [-7.862539857690521, -7.862589570018086, -7.772610650031955, -7.772616957604026, -7.866479101723342, -7.866595571448792, -7.866593482902447, -7.866618105725098, -7.866609324496265, -7.866700214715176], "energies_vpsr": [-7.862587072452535, -7.862562328406019, -7.772611668515463, -7.772924624026409, -7.866541380269917, -7.866633228762636, -7.866675515585497, -7.866630464306116, -7.866644706451736, -7.866719007909176], "std_uniform": [0.0008090253237545158, 0.0007951060958898815, 0.005954648143322559, 0.005704978739523226, 0.0017657784518102877, 0.0019223129448349783, 0.002039554668606378, 0.0020777324446602484, 0.002074185003203856, 0.002062299582486138], "std_vmsa": [0.000686188230377443, 0.0006703958239886946, 0.003092670485414984, 0.0031102415892467206, 0.0013243551245396448, 0.0013613466923017975, 0.0014747929548384147, 0.0014527898739336734, 0.0014172760919996673, 0.0014597866967073], "std_vpsr": [0.0008354192409000564, 0.0008390954252398344, 0.005918112156453787, 0.006126564371058365, 0.002116925155645541, 0.0017968651824334862, 0.002202070220852732, 0.002267107352614195, 0.002238867662221963, 0.002235732618424235], "shots_uniform": [[1024, 1024, 1024, 1024, 1024, 1024, 1024, 1024, 1024], [1024, 1024, 1024, 1024, 1024, 1024, 1024, 1024, 1024], [1024, 1024, 1024, 1024, 1024, 1024, 1024, 1024, 1024], [1024, 1024, 1024, 1024, 1024, 1024, 1024, 1024, 1024], [1024, 1024, 1024, 1024, 1024, 1024, 1024, 1024, 1024], [1024, 1024, 1024, 1024, 1024, 1024, 1024, 1024, 1024], [1024, 1024, 1024, 1024, 1024, 1024, 1024, 1024, 1024], [1024, 1024, 1024, 1024, 1024, 1024, 1024, 1024, 1024], [1024, 1024, 1024, 1024, 1024, 1024, 1024, 1024, 1024], [1024, 1024, 1024, 1024, 1024, 1024, 1024, 1024, 1024]], "shots_vmsa": [[401, 403, 413, 425, 1743, 1767, 1583, 1581, 1], [400, 400, 430, 419, 1759, 1762, 1573, 1574, 1], [88, 88, 94, 99, 132, 169, 4629, 405, 2613], [86, 84, 97, 93, 130, 149, 4857, 397, 2424], [176, 176, 192, 202, 745, 777, 3736, 703, 1610], [206, 202, 223, 224, 874, 904, 3542, 813, 1327], [239, 239, 275, 276, 1013, 901, 2882, 945, 1546], [181, 181, 208, 200, 787, 784, 3614, 709, 1651], [196, 196, 231, 214, 792, 776, 3351, 774, 1784], [167, 166, 173, 181, 719, 682, 4054, 652, 1521]], "shots_vpsr": [[261, 258, 294, 289, 1147, 1148, 1022, 1022, 1], [261, 261, 279, 272, 1144, 1150, 1020, 1017, 1], [25, 24, 27, 29, 52, 47, 1250, 116, 746], [22, 22, 24, 26, 43, 38, 1261, 103, 633], [70, 71, 77, 78, 303, 292, 1483, 277, 897], [134, 133, 144, 151, 529, 540, 1616, 527, 864], [89, 88, 89, 97, 385, 372, 1569, 350, 804], [74, 74, 79, 83, 298, 295, 1559, 293, 672], [74, 74, 87, 81, 291, 306, 1561, 296, 677], [74, 74, 89, 81, 322, 318, 1567, 292, 675]]}, {"energies_statevector": [-7.866625702256729, -7.866625702256736, -7.866625701820167, -7.75529738581011, -7.755297384143477, -7.755297387676325, -7.869102485615112, -7.86910248556375, -7.8691024855472955, -7.869221549910387, -7.8692215499019005, -7.869221549907073, -7.869222868893384, -7.869222868894139, -7.8692228688927885, -7.8692228792713, -7.869222879271271, -7.869222879271358], "energies_uniform": [-7.866587347092188, -7.866683874678125, -7.866505954033399, -7.755119354323242, -7.755281822266992, -7.755091331180664, -7.869188234784571, -7.86920290483418, -7.869071993994923, -7.869164635144923, -7.8692926392330085, -7.869371383627735, -7.869257013391016, -7.869216766118165, -7.869235326105469, -7.869186639289844, -7.869274257316407, -7.869262912806836], "energies_vmsa": [-7.866562786383686, -7.866560004295045, -7.866660532684822, -7.7553142576656935, -7.755203577506185, -7.755476867234036, -7.868969779052581, -7.869070512826637, -7.869078859087708, -7.869316943431348, -7.869295412735077, -7.869237956581682, -7.869194181785688, -7.8693183999393375, -7.869225360416475, -7.869227017020036, -7.869262266986743, -7.869144612643046], "energies_vpsr": [-7.866612915189696, -7.866518435891051, -7.866507963639255, -7.7555933319033254, -7.755657166718714, -7.755231587440679, -7.869236576930807, -7.8691185398851475, -7.869147191629563, -7.869064529048828, -7.869214564249156, -7.869061330221413, -7.869230378038768, -7.869221424568674, -7.8691768804604285, -7.869311688157691, -7.86935347140188, -7.869338774783207], "std_uniform": [0.0020013561595760483, 0.0020841328666451678, 0.0019492083909488664, 0.006090431290719772, 0.006127169994859913, 0.006033995075200688, 0.002430365510901597, 0.002393913901809867, 0.002349809010848745, 0.0024175225150140753, 0.0024257665104563783, 0.0023606323641525337, 0.002315848034884152, 0.0023538193769696257, 0.0024173844170879374, 0.0023868105382493176, 0.0024045285377393565, 0.002332732951686569], "std_vmsa": [0.0014645857503345022, 0.0015263676953431666, 0.0015025268340388026, 0.0035731632951286735, 0.003738189563405139, 0.0037756192136839417, 0.0018534851397281977, 0.001964943874993531, 0.0018047984883750165, 0.0018134759030622601, 0.0018575345983201767, 0.002225908713581339, 0.002177406999699021, 0.0018331164654532925, 0.0019218690107573218, 0.002086642320735317, 0.0020078175226812206, 0.0018182819014143695], "std_vpsr": [0.029129874222901676, 0.0023283082283526565, 0.0022040788415737277, 0.006040889287496912, 0.006655858824408435, 0.006469108086227187, 0.0027332152793808216, 0.0025649053674607833, 0.0032987834868003817, 0.003850666381582723, 0.00247587388826171, 0.002569763032417191, 0.0025293380321136233, 0.0024780397853392767, 0.003288284450128373, 0.0029812924233205106, 0.0026035699605678284, 0.0027110335456549503], "shots_uniform": [[1024, 1024, 1024, 1024, 1024, 1024, 1024, 1024, 1024], [1024, 1024, 1024, 1024, 1024, 1024, 1024, 1024, 1024], [1024, 1024, 1024, 1024, 1024, 1024, 1024, 1024, 1024], [1024, 1024, 1024, 1024, 1024, 1024, 1024, 1024, 1024], [1024, 1024, 1024, 1024, 1024, 1024, 1024, 1024, 1024], [1024, 1024, 1024, 1024, 1024, 1024, 1024, 1024, 1024], [1024, 1024, 1024, 1024, 1024, 1024, 1024, 1024, 1024], [1024, 1024, 1024, 1024, 1024, 1024, 1024, 1024, 1024], [1024, 1024, 1024, 1024, 1024, 1024, 1024, 1024, 1024], [1024, 1024, 1024, 1024, 1024, 1024, 1024, 1024, 1024], [1024, 1024, 1024, 1024, 1024, 1024, 1024, 1024, 1024], [1024, 1024, 1024, 1024, 1024, 1024, 1024, 1024, 1024], [1024, 1024, 1024, 1024, 1024, 1024, 1024, 1024, 1024], [1024, 1024, 1024, 1024, 1024, 1024, 1024, 1024, 1024], [1024, 1024, 1024, 1024, 1024, 1024, 1024, 1024, 1024], [1024, 1024, 1024, 1024, 1024, 1024, 1024, 1024, 1024], [1024, 1024, 1024, 1024, 1024, 1024, 1024, 1024, 1024], [1024, 1024, 1024, 1024, 1024, 1024, 1024, 1024, 1024]],