{"pool_name": "QE", "initial_energy": -0.8413485984542795, "fci_energy": -0.9663345447803098, "data_list": [{"energies_statevector": [-0.8413485984542795], "energies_uniform": [-0.8474754739658514], "energies_vmsa": [-0.8378924122682644], "energies_vpsr": [-0.8437993486589083], "std_uniform": [0.025409918944970442], "std_vmsa": [0.0376140648415396], "std_vpsr": [0.04739525330128042], "shots_uniform": [[20, 20, 20, 20, 20]], "shots_vmsa": [[13, 12, 13, 13, 1]], "shots_vpsr": [[10, 10, 10, 10, 1]]}, {"energies_statevector": [-0.841348598454279, -0.8413485935527785, -0.8124305368691761, -0.8124305421420388, -0.9663191109023609, -0.9663191108412202, -0.966334112698392, -0.9663341127086227, -0.9663345447803086, -0.9663345447803081], "energies_uniform": [-0.8548277245797378, -0.8315455976357644, -0.7762409764489061, -0.8034605778785568, -0.9602898012235457, -0.9246130773181418, -0.9698517955611656, -0.9794137898987856, -0.96629617349467, -0.9577185477784693], "energies_vmsa": [-0.8331794311055166, -0.8353502587926005, -0.8178820490348256, -0.8263407093817909, -0.9595126102661347, -0.9231118215245668, -0.9316822902543604, -0.9898961597000729, -0.8951837321647578, -0.9082011880262645], "energies_vpsr": [-0.845705487706953, -0.8359024868884376, -0.8059113280831858, -0.7515190738699798, -0.9722976283164719, -0.9466766100590807, -0.9525845896649981, -0.8993856874543777, -0.99693055105253, -0.9618766860472029], "std_uniform": [0.031812587937556105, 0.030413010227288633, 0.0325294285744232, 0.023255878581219764, 0.0471202597126856, 0.04189358576275072, 0.05346274868280795, 0.017705429856330154, 0.028711842834517595, 0.013034357697675658], "std_vmsa": [0.028158063029476144, 0.024017829187136488, 0.03620242621757167, 0.024503405366713082, 0.027456730794388765, 0.1730396686396839, 0.04501650041410819, 0.037844315089550225, 0.16867702141906452, 0.09313122352109442], "std_vpsr": [0.03691287971193472, 0.03627903418573245, 0.04440255913635507, 0.03684483248840408, 0.025228203855018203, 0.020411237338882997, 0.08013707293333808, 0.04026457482816919, 0.013369097875811845, 0.049761086393927983], "shots_uniform": [[20, 20, 20, 20, 20], [20, 20, 20, 20, 20], [20, 20, 20, 20, 20], [20, 20, 20, 20, 20], [20, 20, 20, 20, 20], [20, 20, 20, 20, 20], [20, 20, 20, 20, 20], [20, 20, 20, 20, 20], [20, 20, 20, 20, 20], [20, 20, 20, 20, 20]], "shots_vmsa": [[12, 13, 12, 13, 1], [13, 13, 13, 11, 1], [1, 8, 8, 1, 34], [1, 1, 11, 7, 33], [6, 6, 6, 6, 26], [29, 1, 21, 1, 1], [8, 1, 8, 6, 28], [8, 1, 8, 12, 23], [12, 12, 12, 12, 1], [10, 10, 1, 1, 30]], "shots_vpsr": [[10, 11, 9, 10, 1], [10, 10, 10, 9, 1], [1, 4, 4, 4, 15], [1, 3, 1, 1, 12], [3, 5, 1, 1, 14], [3, 1, 3, 4, 15], [3, 1, 1, 3, 13], [4, 4, 4, 6, 16], [1, 5, 4, 3, 15], [1, 5, 4, 4, 15]]}]}