{"pool_name": "QE", "initial_energy": -1.1166512474115222, "fci_energy": -1.1372633383635353, "data_list": [{"energies_statevector": [-1.1166512474115222], "energies_uniform": [-1.1166512474115222], "energies_vmsa": [-1.1166512474115222], "energies_vpsr": [-1.1166512474115222], "std_uniform": [0.0], "std_vmsa": [0.0], "std_vpsr": [0.0], "shots_uniform": [[500, 500]], "shots_vmsa": [[327, 327]], "shots_vpsr": [[327, 327]]}, {"energies_statevector": [-1.1166512474115213, -1.116651243785073, -0.16669246730467863, -0.16669248313035723, -1.1367682481117052, -1.136768247546139, -1.1372632894962993, -1.1372632895019195, -1.1372633383635302, -1.1372633383635282], "energies_uniform": [-1.1166512474115222, -1.1166512474115222, -0.006655451156819037, -0.011378837523860375, -1.1024810883103981, -1.1056300125550924, -1.1009066261880511, -1.0930343155763156, -1.0930343155763158, -1.0946087776986628], "energies_vmsa": [-1.1166512474115222, -1.1166512474115222, 0.001538178255395456, -0.0032816037517895413, -1.1022066407844844, -1.099799206346645, -1.099799206346645, -1.1022066407844848, -1.0973917719088055, -1.099799206346645], "energies_vpsr": [-1.1166512474115222, -1.1166512474115222, 0.027243682293715404, -0.02577391978531951, -1.1054050893947573, -1.099799206346645, -1.0949843374709658, -1.0925769030331263, -1.094984337470966, -1.0957655253803873], "std_uniform": [0.0, 0.0, 0.04251047730337154, 0.012595696978776771, 0.007872310611735434, 0.004723386367041282, 0.009446772734082565, 0.0015744621223471311, 0.004723386367041282, 0.0], "std_vmsa": [0.0, 0.0, 0.008032970011974977, 0.025705504038320004, 0.004814868875679168, 0.012037172189197977, 0.0024074344378397505, 0.0, 0.004814868875679279, 0.0024074344378397505], "std_vpsr": [0.0, 0.0, 0.012852752019160002, 0.017672534026344944, 0.0016065940023950454, 0.0024074344378397505, 0.012037172189197864, 0.004814868875679168, 0.0072223033135189185, 0.004819782007185025], "shots_uniform": [[500, 500], [500, 500], [500, 500], [500, 500], [500, 500], [500, 500], [500, 500], [500, 500], [500, 500], [500, 500]], "shots_vmsa": [[327, 327], [327, 327], [980, 1], [980, 1], [327, 327], [327, 327], [327, 327], [327, 327], [327, 327], [327, 327]], "shots_vpsr": [[327, 327], [327, 327], [490, 1], [490, 1], [490, 1], [327, 327], [327, 327], [327, 327], [327, 327], [490, 1]]}]}