{"pool_name": "QE", "initial_energy": -1.1166512474115222, "fci_energy": -1.1372633383635353, "data_list": [{"energies_statevector": [-1.1166512474115222], "energies_uniform": [-1.116854880972459], "energies_vmsa": [-1.1164071786189684], "energies_vpsr": [-1.116965549693054], "std_uniform": [0.003048029551986884], "std_vmsa": [0.0035946585807172557], "std_vpsr": [0.0021908280947327777], "shots_uniform": [[1024, 1024, 1024, 1024, 1024]], "shots_vmsa": [[1169, 1161, 1161, 1129, 1]], "shots_vpsr": [[926, 926, 924, 921, 1]]}, {"energies_statevector": [-1.1166512474115213, -1.116651243785073, -0.16669246730467863, -0.16669248313035723, -1.1367682481117052, -1.136768247546139, -1.1372632894962993, -1.1372632895019195, -1.1372633383635302, -1.1372633383635282], "energies_uniform": [-1.1172710017274166, -1.1144112782412174, -0.16798911862400365, -0.15765056188194218, -1.1378871721102342, -1.1387359079550756, -1.1343307711245827, -1.1357733068516873, -1.1376216239555168, -1.1387725962564639], "energies_vmsa": [-1.1152568527463458, -1.116048618992291, -0.1683639671876288, -0.16401420184220086, -1.1361766803196394, -1.1504604271755396, -1.138468622877428, -1.1393217575621832, -1.156176709115435, -1.156647354026652], "energies_vpsr": [-1.118455059234368, -1.117034708788417, -0.16428915371418326, -0.1667355058329342, -1.1354943108290736, -1.150526756037605, -1.1379804017517734, -1.1561257213853522, -1.1348907649359696, -1.1386557261220798], "std_uniform": [0.0011530136368122005, 0.003045199344813316, 0.018773124565301617, 0.01577661340205121, 0.0048502809369058535, 0.004189653874925657, 0.0069705071369769315, 0.004360610460301068, 0.005417656657937198, 0.00459936518841006], "std_vmsa": [0.0019319778942091732, 0.0032588755016402567, 0.012189544364012301, 0.011024484621375168, 0.004793910781158707, 0.0024752490933260367, 0.0037781762015427463, 0.004224296380009857, 0.0012586953651477068, 0.002407467340481208], "std_vpsr": [0.0023780804477238483, 0.0041106725296295625, 0.020327187426692737, 0.02104522689712916, 0.005253434077252232, 0.0035074910939298693, 0.006812070159807077, 0.004014165773812841, 0.006003154991659576, 0.008104937442069311], "shots_uniform": [[1024, 1024, 1024, 1024, 1024], [1024, 1024, 1024, 1024, 1024], [1024, 1024, 1024, 1024, 1024], [1024, 1024, 1024, 1024, 1024], [1024, 1024, 1024, 1024, 1024], [1024, 1024, 1024, 1024, 1024], [1024, 1024, 1024, 1024, 1024], [1024, 1024, 1024, 1024, 1024], [1024, 1024, 1024, 1024, 1024], [1024, 1024, 1024, 1024, 1024]], "shots_vmsa": [[1151, 1162, 1160, 1147, 1], [1163, 1140, 1163, 1155, 1], [130, 87, 100, 100, 4202], [89, 89, 124, 102, 4217], [605, 615, 608, 615, 2177], [1143, 1163, 1150, 1163, 1], [453, 468, 468, 451, 2781], [426, 464, 472, 449, 2808], [1175, 1129, 1164, 1152, 1], [1132, 1123, 1183, 1183, 1]], "shots_vpsr": [[940, 946, 883, 924, 1], [921, 921, 927, 927, 1], [25, 30, 18, 30, 1015], [12, 29, 21, 24, 1002], [277, 291, 290, 279, 1432], [911, 932, 920, 932, 1], [285, 288, 285, 295, 1435], [938, 915, 897, 944, 1], [424, 427, 391, 416, 1490], [277, 286, 287, 284, 1431]]}]}