{"pool_name": "QE", "initial_energy": -7.8625676, "fci_energy": -7.869863827996722, "data_list": [{"energies_statevector": [-7.8625676], "energies_uniform": [-7.863677875527091], "energies_vmsa": [-7.863370492519509], "energies_vpsr": [-7.861753118235294], "std_uniform": [0.0015957970210880637], "std_vmsa": [0.0024012781286191134], "std_vpsr": [0.006680722926725635], "shots_uniform": [[114, 114, 114, 114, 114, 114, 114, 113, 113]], "shots_vmsa": [[6, 6, 7, 7, 26, 26, 23, 23, 1]], "shots_vpsr": [[4, 4, 4, 4, 17, 17, 15, 15, 1]]}, {"energies_statevector": [-7.862567599999997, -7.862567600516427, -7.772583356357052, -7.772583354685058, -7.8665429042074875, -7.866542904282142, -7.866625673038635, -7.8666256730372295, -7.866625702256732, -7.866625702256736], "energies_uniform": [-7.858325745971122, -7.8499879282642455, -7.775147345766184, -7.765452085364075, -7.858567319169384, -7.863139894114267, -7.865616461361592, -7.860596078604255, -7.862989002057136, -7.8568248526703925], "energies_vmsa": [-7.856543021147185, -7.856055121769693, -7.773512837640792, -7.784236343719298, -7.863882471257996, -7.851094369036488, -7.8631182049333335, -7.853808133351647, -7.858805967452992, -7.861394664980784], "energies_vpsr": [-7.853302999333333, -7.852118815984848, -7.767208361578947, -7.768246945789474, -7.869833979212123, -7.849104904880953, -7.857195837373737, -7.867493956727275, -7.862151318404761, -7.855557588864734], "std_uniform": [0.006033989071686006, 0.00408008343351947, 0.01382023615945431, 0.01678503015904103, 0.006283503649595139, 0.005285385076848529, 0.0064014449049028255, 0.008153833519291968, 0.008355054744780046, 0.007861573601696875], "std_vmsa": [0.0090130945651622, 0.013118448068856483, 0.025510976717970285, 0.02723309793194284, 0.014409900759053818, 0.014002513909045913, 0.014644067932991684, 0.007163798785495139, 0.007317080548925438, 0.012422156304757459], "std_vpsr": [0.02001946900646264, 0.0153555276818089, 0.042402496027832276, 0.042136969436207074, 0.02052555116092743, 0.026140111807895654, 0.025719695849915757, 0.02612784485533515, 0.018253083391739137, 0.021000771724249474], "shots_uniform": [[114, 114, 114, 114, 114, 114, 114, 113, 113], [114, 114, 114, 114, 114, 114, 114, 113, 113], [114, 114, 114, 114, 114, 114, 114, 113, 113], [114, 114, 114, 114, 114, 114, 114, 113, 113], [114, 114, 114, 114, 114, 114, 114, 113, 113], [114, 114, 114, 114, 114, 114, 114, 113, 113], [114, 114, 114, 114, 114, 114, 114, 113, 113], [114, 114, 114, 114, 114, 114, 114, 113, 113], [114, 114, 114, 114, 114, 114, 114, 113, 113], [114, 114, 114, 114, 114, 114, 114, 113, 113]], "shots_vmsa": [[3, 3, 3, 3, 12, 12, 77, 11, 1], [4, 4, 5, 5, 18, 19, 24, 17, 27], [1, 1, 1, 1, 2, 1, 73, 6, 36], [1, 1, 1, 1, 2, 2, 70, 6, 38], [2, 2, 2, 2, 8, 8, 67, 7, 27], [3, 3, 3, 3, 11, 11, 49, 10, 33], [2, 2, 3, 2, 9, 9, 61, 10, 25], [3, 3, 3, 3, 13, 12, 49, 12, 26], [2, 2, 3, 3, 9, 10, 60, 9, 26], [2, 2, 3, 3, 10, 10, 44, 9, 41]], "shots_vpsr": [[1, 1, 2, 2, 6, 6, 24, 6, 10], [1, 1, 1, 1, 3, 3, 22, 3, 8], [1, 1, 1, 1, 1, 1, 19, 2, 11], [1, 1, 1, 1, 1, 1, 19, 2, 10], [1, 1, 1, 1, 4, 3, 22, 3, 10], [1, 1, 1, 1, 5, 5, 21, 5, 16], [1, 1, 1, 1, 3, 3, 22, 3, 9], [1, 1, 1, 1, 3, 3, 22, 3, 10], [1, 1, 1, 1, 5, 5, 21, 5, 16], [1, 1, 1, 1, 3, 4, 23, 3, 9]]}, {"energies_statevector": [-7.866625702256729, -7.866625702256736, -7.866625701820167, -7.75529738581011, -7.755297384143477, -7.755297387676325, -7.869102485615112, -7.86910248556375, -7.8691024855472955, -7.869221549910387, -7.8692215499019005, -7.869221549907073, -7.869222868893384, -7.869222868894139, -7.8692228688927885, -7.8692228792713, -7.869222879271271, -7.869222879271358], "energies_uniform": [-7.85795855879056, -7.855677869504734, -7.853526427987889, -7.745263902041607, -7.734918589248563, -7.739095690684674, -7.8558407712467, -7.857804052597421, -7.861021907609066, -7.854848474469802, -7.857579828593385, -7.85439123551933, -7.861864308310821, -7.857641014861045, -7.861430104300574, -7.8582078898292185, -7.855143584018011, -7.8650861140568225], "energies_vmsa": [-7.855923117787855, -7.843672490472973, -7.8678205842330655, -7.765318709072366, -7.744970855401668, -7.75281274582684, -7.856330418249639, -7.8593812184473695, -7.855684825392157, -7.8525144360949595, -7.857927598913546, -7.854205632092166, -7.855721135171569, -7.849818907393008, -7.858369155260244, -7.862411627520634, -7.847137446510025, -7.85308721060908], "energies_vpsr": [-7.849518043476384, -7.85906176925, -7.847105509252525, -7.749392413500002, -7.739318196318182, -7.744727587753248, -7.863079509047618, -7.86804142574359, -7.854088883333333, -7.844854439360903, -7.8589078580030955, -7.865006173245613, -7.860059182731829, -7.863655537028987, -7.859479810890352, -7.838911331644735, -7.862499937523809, -7.8437108999801595], "std_uniform": [0.005768371317316488, 0.008156607932243688, 0.008066293873836415, 0.025806836733995267, 0.020433905144050288, 0.015482589373185338, 0.01048932864420356, 0.01203286448943451, 0.012291940910465978, 0.006729239015154983, 0.009836083922569716, 0.008684240617718946, 0.005364122618073174, 0.006865120349808433, 0.014159477950346205, 0.011163978092795804, 0.00987065729912517, 0.006250424031530354], "std_vmsa": [0.013290665065641015, 0.030085000793231613, 0.017606816215535268, 0.03261224880507473, 0.022292072354721387, 0.03157349201693251, 0.017854410200572705, 0.02296677164340724, 0.018102461897513487, 0.018004067826033074, 0.018657609720209214, 0.02689284793284096, 0.024356490211451465, 0.01177196749562078, 0.02005663598218867, 0.023392626205198885, 0.024436813548325366, 0.013730058408331658], "std_vpsr": [0.022608393252393843, 0.024179587235260928, 0.02151001747972013, 0.037432545417994866, 0.036033418376545806, 0.07228948698631532, 0.03658584688545733, 0.027465059189412208, 0.03853435821544212, 0.037025341105225706, 0.027152619230088534, 0.028883118636908508, 0.021577617209434668, 0.02405038005690369, 0.01689034676439635, 0.031275418307949915, 0.03387792778747496, 0.024322441566615803], "shots_uniform": [[114, 114, 114, 114, 114, 114, 114, 113, 113], [114, 114, 114, 114, 114, 114, 114, 113, 113], [114, 114, 114, 114, 114, 114, 114, 113, 113], [114, 114, 114, 114, 114, 114, 114, 113, 113], [114, 114, 114, 114, 114, 114, 114, 113, 113], [114, 114, 114, 114, 114, 114, 114, 113, 113], [114, 114, 114, 114, 114, 114, 114, 113, 113], [114, 114, 114, 114, 114, 114, 114, 113, 113], [114, 114, 114, 114, 114, 114, 114, 113, 113], [114, 114, 114, 114, 114, 114, 114, 113, 113], [114, 114, 114, 114, 114, 114, 114, 113, 113], [114, 114, 114, 114, 114, 114, 114, 113, 113], [114, 114, 114, 114, 114, 114, 114, 113, 113], [114, 114, 114, 114, 114, 114, 114, 113, 113], [114, 114, 114, 114, 114, 114, 114, 113, 113], [114, 114, 114, 114, 114, 114, 114, 113, 113], [114, 114, 114, 114, 114, 114, 114, 113, 113], [114, 114, 114, 114, 114, 114, 114, 113, 113]], "shots_vmsa": [[2, 2, 2, 2, 13, 8, 50, 8, 38], [2, 2, 2, 2, 12, 8, 51, 8, 37], [2, 2, 2, 2, 33, 8, 49, 7, 19], [1, 1, 1, 1, 54, 4, 31, 3, 28], [1, 1, 1, 1, 58, 4, 26, 3, 28], [1, 1, 1, 1, 55, 4, 30, 3, 28], [1, 1, 2, 2, 33, 6, 45, 6, 28], [1, 1, 2, 2, 45, 6, 38, 5, 24], [2, 2, 2, 2, 51, 8, 30, 8, 20], [2, 2, 2, 2, 34, 8, 42, 7, 25], [2, 2, 3, 3, 16, 10, 44, 10, 34], [2, 2, 2, 2, 31, 7, 40, 7, 31], [1, 1, 2, 2, 34, 6, 48, 6, 24], [1, 1, 1, 1, 34, 6, 51, 5, 23], [1, 1, 2, 2, 42, 6, 43, 6, 21], [2, 2, 2, 2, 27, 7, 50, 6, 28], [2, 2, 2, 2, 56, 7, 28, 6, 19], [1, 1, 1, 1, 43, 6, 42, 6, 21]],