{"pool_name": "QE", "initial_energy": -0.2898, "fci_energy": -1.2775555229656779, "data_list": [{"energies_statevector": [-0.2898], "energies_uniform": [-0.2894028554289142], "energies_vmsa": [-0.28987040453012547], "energies_vpsr": [-0.2896466522016592], "std_uniform": [0.004807522403447053], "std_vmsa": [0.003773327265976154], "std_vpsr": [0.004077727562431493], "shots_uniform": [[1667, 1667, 1666]], "shots_vmsa": [[2348, 2352, 1]], "shots_vpsr": [[1567, 1567, 1]]}]}