{"pool_name": "QE", "initial_energy": -7.8625676, "fci_energy": -7.869863827996727, "data_list": [{"energies_statevector": [-7.8625676], "energies_uniform": [-7.854671014746095], "energies_vmsa": [-7.856187683652192], "energies_vpsr": [-7.8538290661175125], "std_uniform": [0.00013694580078116303], "std_vmsa": [0.000902387417887951], "std_vpsr": [0.0014360581127701444], "shots_uniform": [[1024, 1024, 1024, 1024, 1024, 1024, 1024, 1024, 1024]], "shots_vmsa": [[167, 170, 203, 192, 2767, 755, 2520, 694, 849]], "shots_vpsr": [[217, 218, 235, 232, 1289, 948, 858, 852, 1146]]}, {"energies_statevector": [-7.862567599999997, -7.862567600516427, -7.772583356357052, -7.772583354685058, -7.8665429042074875, -7.866542904282142, -7.866625673038635, -7.8666256730372295, -7.866625702256732, -7.866625702256736], "energies_uniform": [-7.842670765429688, -7.843198920019532, -7.75476405625, -7.749270508007811, -7.845037498925779, -7.845245505175782, -7.842416761132814, -7.844465368749999, -7.842213985253906, -7.84399734296875], "energies_vmsa": [-7.839498445938963, -7.841913654258988, -7.760586030672874, -7.765341080847824, -7.8443100198800675, -7.843078443002264, -7.841721033095456, -7.845987966954265, -7.847330754540126, -7.845867497739608], "energies_vpsr": [-7.841666480008091, -7.840159892669336, -7.771453608880478, -7.763972260591453, -7.849737667315964, -7.846179550145971, -7.850744961465937, -7.840330229205469, -7.849921870183418, -7.841394672559282], "std_uniform": [0.0021334263671879405, 0.0009742520507813879, 3.158847656381525e-05, 0.001649366210936698, 0.0043040833007816914, 0.00023474267578249552, 0.0037445867187506643, 0.004042791796875278, 0.00048401123046959427, 0.0008365755859363055], "std_vmsa": [0.000997360016088411, 0.0003450672436380309, 0.0010140541413408144, 0.0004512280556960846, 0.0014805236887300843, 0.0010593509801872791, 0.0002767026178638332, 0.00022461275765328637, 0.00021418344046653104, 0.0028349867273820277], "std_vpsr": [0.001749731303900326, 0.0008900921286514318, 0.0003860466719833866, 0.005411442143112399, 0.0010559230693498733, 0.002462723364881736, 0.0014658845166608536, 0.0008168419104825908, 0.0019375600312763197, 0.004436309001358829], "shots_uniform": [[1024, 1024, 1024, 1024, 1024, 1024, 1024, 1024, 1024], [1024, 1024, 1024, 1024, 1024, 1024, 1024, 1024, 1024], [1024, 1024, 1024, 1024, 1024, 1024, 1024, 1024, 1024], [1024, 1024, 1024, 1024, 1024, 1024, 1024, 1024, 1024], [1024, 1024, 1024, 1024, 1024, 1024, 1024, 1024, 1024], [1024, 1024, 1024, 1024, 1024, 1024, 1024, 1024, 1024], [1024, 1024, 1024, 1024, 1024, 1024, 1024, 1024, 1024], [1024, 1024, 1024, 1024, 1024, 1024, 1024, 1024, 1024], [1024, 1024, 1024, 1024, 1024, 1024, 1024, 1024, 1024], [1024, 1024, 1024, 1024, 1024, 1024, 1024, 1024, 1024]], "shots_vmsa": [[133, 133, 145, 143, 1044, 584, 3702, 615, 1815], [108, 107, 126, 119, 836, 474, 4432, 462, 1651], [72, 72, 75, 82, 1132, 199, 4214, 350, 2120], [78, 78, 83, 83, 748, 252, 4362, 405, 2227], [100, 101, 108, 107, 1739, 441, 3404, 492, 1824], [103, 101, 113, 120, 1709, 446, 4010, 465, 1249], [111, 112, 121, 115, 671, 472, 4115, 503, 2096], [86, 87, 98, 100, 2320, 381, 3564, 440, 1239], [118, 118, 139, 130, 485, 493, 4224, 520, 2088], [105, 105, 109, 110, 1571, 444, 3635, 453, 1785]], "shots_vpsr": [[39, 39, 42, 42, 649, 174, 1459, 154, 528], [44, 44, 48, 46, 191, 192, 1457, 202, 611], [26, 26, 28, 28, 402, 78, 1370, 121, 727], [25, 25, 29, 28, 538, 53, 1362, 125, 723], [39, 39, 46, 45, 169, 169, 1438, 193, 601], [61, 61, 69, 67, 365, 255, 1537, 289, 688], [36, 36, 41, 39, 547, 159, 1464, 176, 592], [49, 49, 55, 53, 405, 208, 1345, 211, 1041], [59, 59, 65, 67, 250, 250, 1206, 270, 1238], [39, 39, 41, 42, 580, 163, 1458, 175, 641]]}, {"energies_statevector": [-7.866625702256729, -7.866625702256736, -7.866625701820167, -7.75529738581011, -7.755297384143477, -7.755297387676325, -7.869102485615112, -7.86910248556375, -7.8691024855472955, -7.869221549910387, -7.8692215499019005, -7.869221549907073, -7.869222868893384, -7.869222868894139, -7.8692228688927885, -7.8692228792713, -7.869222879271271, -7.869222879271358], "energies_uniform": [-7.831208315917969, -7.829782558886719, -7.82879703828125, -7.708491598242187, -7.720017982714841, -7.716833212109375, -7.822890670703126, -7.832384951464842, -7.834770480664064, -7.826807810058595, -7.828447741210938, -7.824463075683596, -7.826580663964842, -7.83421443154297, -7.829857254492186, -7.834652813964844, -7.836017452148437, -7.833407587988281], "energies_vmsa": [-7.833000639291482, -7.828587323774919, -7.829228672528477, -7.714631756109949, -7.713270179595975, -7.717999248986148, -7.828290529323119, -7.827441569303664, -7.828351836117063, -7.825029877041448, -7.82780479205441, -7.8301654013243445, -7.834554414173445, -7.831531612433674, -7.83118589230466, -7.828456483778505, -7.834556640730646, -7.831574676129174], "energies_vpsr": [-7.828549600763257, -7.823229150995232, -7.822685906649646, -7.712894431285495, -7.71624585139463, -7.713703990481522, -7.829282602159263, -7.839625853559543, -7.8304179086489745, -7.831723859052456, -7.8362423449790395, -7.8285770764012845, -7.828593264279126, -7.825831257022173, -7.825225305719243, -7.826993153314666, -7.830054762165497, -7.82441784085929], "std_uniform": [0.002442519824217726, 0.004120944238281687, 0.0011494644531242493, 4.2428320313536716e-05, 0.006998861425781211, 0.007410917773436498, 0.0017906300781258544, 0.00043348349609528825, 0.0005923968749992348, 0.00866411630859254, 0.002934243554687299, 0.0013042116210941757, 0.00010841357421798037, 0.005250156542969009, 0.0011111253906253005, 0.001418134082031841, 0.00043346972656088667, 0.0028094588867189074], "std_vmsa": [0.003713012402190241, 0.004724834749181728, 0.0020783843988869677, 0.003833696115679963, 0.003569230261213807, 0.0007951616842083453, 0.00030355506644053065, 0.0020080379425908568, 0.001855229093204791, 0.0057612297211853125, 0.0009525897615012546, 0.0031717407585629687, 0.002013261643991626, 0.002073518447761824, 0.0003346837867610475, 0.0019492279147828029, 0.0032817665638806837, 0.0008615249081347365], "std_vpsr": [0.0004078040955741713, 0.0018433596819051878, 0.0007447317846955848, 0.0004780633446141991, 0.005454058650280036, 0.008191867365534122, 0.0035072829678597373, 0.008811857262075673, 0.000732546704395709, 0.0002190240976749358, 0.0004095664890253481, 0.0022379088565274152, 0.006030411356717114, 0.0006027618261392753, 0.007649072578462146, 0.0044007003636719055, 0.004643317336423536, 0.015635401893818734], "shots_uniform": [[1024, 1024, 1024, 1024, 1024, 1024, 1024, 1024, 1024], [1024, 1024, 1024, 1024, 1024, 1024, 1024, 1024, 1024], [1024, 1024, 1024, 1024, 1024, 1024, 1024, 1024, 1024], [1024, 1024, 1024, 1024, 1024, 1024, 1024, 1024, 1024], [1024, 1024, 1024, 1024, 1024, 1024, 1024, 1024, 1024], [1024, 1024, 1024, 1024, 1024, 1024, 1024, 1024, 1024], [1024, 1024, 1024, 1024, 1024, 1024, 1024, 1024, 1024], [1024, 1024, 1024, 1024, 1024, 1024, 1024, 1024, 1024], [1024, 1024, 1024, 1024, 1024, 1024, 1024, 1024, 1024], [1024, 1024, 1024, 1024, 1024, 1024, 1024, 1024, 1024], [1024, 1024, 1024, 1024, 1024, 1024, 1024, 1024, 1024], [1024, 1024, 1024, 1024, 1024, 1024, 1024, 1024, 1024], [1024, 1024, 1024, 1024, 1024, 1024, 1024, 1024, 1024], [1024, 1024, 1024, 1024, 1024, 1024, 1024, 1024, 1024], [1024, 1024, 1024, 1024, 1024, 1024, 1024, 1024, 1024], [1024, 1024, 1024, 1024, 1024, 1024, 1024, 1024, 1024], [1024, 1024, 1024, 1024, 1024, 1024, 1024, 1024, 1024], [1024, 1024, 1024, 1024, 1024, 1024, 1024, 1024, 1024]],