{"pool_name": "QE", "initial_energy": -7.8625676, "fci_energy": -7.869863827996722, "data_list": [{"energies_statevector": [-7.8625676], "energies_uniform": [-7.862829099379367], "energies_vmsa": [-7.862662602141549], "energies_vpsr": [-7.862787376760034], "std_uniform": [0.00044946549033503735], "std_vmsa": [0.000577048962566271], "std_vpsr": [0.0008005169802236857], "shots_uniform": [[1138, 1138, 1138, 1138, 1138, 1138, 1138, 1137, 1137]], "shots_vmsa": [[452, 452, 440, 503, 1972, 1972, 1779, 1770, 1]], "shots_vpsr": [[292, 292, 307, 323, 1285, 1285, 1150, 1148, 1]]}, {"energies_statevector": [-7.862567599999997, -7.862567600516427, -7.772583356357052, -7.772583354685058, -7.8665429042074875, -7.866542904282142, -7.866625673038635, -7.8666256730372295, -7.866625702256732, -7.866625702256736], "energies_uniform": [-7.862541481154318, -7.862757669482868, -7.768457502408706, -7.775047264891654, -7.866335650856508, -7.867022879650561, -7.866711596711461, -7.867440018292132, -7.867907574669118, -7.8663970848357305], "energies_vmsa": [-7.86243438143732, -7.8623675195909515, -7.771984987305274, -7.774293869386959, -7.862765722146394, -7.862452921438917, -7.866713386076855, -7.862379343055406, -7.866313726034095, -7.865748237247087], "energies_vpsr": [-7.862159675488607, -7.862741186128744, -7.774954447771494, -7.773379185938447, -7.867042390080113, -7.8667654199430475, -7.865861255765838, -7.866208093589128, -7.86742513880812, -7.8662497723089775], "std_uniform": [0.0007200695039623824, 0.000729728958449325, 0.006442706210073894, 0.005088520041838625, 0.0012040418024725239, 0.0016706580445582993, 0.0019412615127456423, 0.0015977610414017864, 0.0012192654572208623, 0.0011471427110431238], "std_vmsa": [0.0006775839457613231, 0.00037077649233458506, 0.002918106633305656, 0.00250927475162649, 0.000841930378930886, 0.0009674998784135629, 0.0011473776393857583, 0.0008914259905251861, 0.0018692790801232149, 0.0020607736658581396], "std_vpsr": [0.000909877899573131, 0.0005184931450736156, 0.005223467493157574, 0.006140528417133565, 0.0014548406485146168, 0.001681298080965379, 0.0009361836394767359, 0.002524192580751569, 0.002028883989347163, 0.001817277650954162], "shots_uniform": [[1138, 1138, 1138, 1138, 1138, 1138, 1138, 1137, 1137], [1138, 1138, 1138, 1138, 1138, 1138, 1138, 1137, 1137], [1138, 1138, 1138, 1138, 1138, 1138, 1138, 1137, 1137], [1138, 1138, 1138, 1138, 1138, 1138, 1138, 1137, 1137], [1138, 1138, 1138, 1138, 1138, 1138, 1138, 1137, 1137], [1138, 1138, 1138, 1138, 1138, 1138, 1138, 1137, 1137], [1138, 1138, 1138, 1138, 1138, 1138, 1138, 1137, 1137], [1138, 1138, 1138, 1138, 1138, 1138, 1138, 1137, 1137], [1138, 1138, 1138, 1138, 1138, 1138, 1138, 1137, 1137], [1138, 1138, 1138, 1138, 1138, 1138, 1138, 1137, 1137]], "shots_vmsa": [[450, 445, 500, 493, 1957, 1968, 1766, 1763, 1], [448, 446, 482, 489, 1957, 1976, 1771, 1771, 1], [98, 99, 107, 113, 293, 236, 5041, 439, 2914], [99, 99, 119, 112, 1, 150, 5373, 456, 2933], [273, 273, 315, 301, 1200, 1177, 4720, 1082, 1], [452, 450, 511, 516, 1949, 1910, 1776, 1776, 1], [178, 178, 200, 204, 713, 750, 4788, 707, 1622], [231, 231, 248, 248, 989, 972, 5501, 921, 1], [196, 201, 230, 217, 827, 845, 3471, 794, 2559], [314, 316, 368, 322, 1300, 1352, 1242, 1252, 2873]], "shots_vpsr": [[287, 274, 322, 324, 1285, 1285, 1148, 1148, 1], [292, 294, 318, 314, 1283, 1292, 1149, 1144, 1], [25, 25, 27, 28, 53, 53, 1416, 116, 741], [27, 27, 28, 30, 51, 51, 1421, 122, 743], [107, 107, 112, 124, 426, 453, 1759, 421, 968], [141, 139, 159, 160, 601, 616, 1825, 553, 912], [111, 111, 112, 123, 471, 455, 1829, 439, 714], [77, 76, 80, 87, 312, 315, 1740, 304, 697], [149, 150, 168, 168, 611, 616, 1815, 584, 969], [82, 81, 89, 91, 348, 352, 1713, 325, 907]]}, {"energies_statevector": [-7.866625702256729, -7.866625702256736, -7.866625701820167, -7.75529738581011, -7.755297384143477, -7.755297387676325, -7.869102485615112, -7.86910248556375, -7.8691024855472955, -7.869221549910387, -7.8692215499019005, -7.869221549907073, -7.869222868893384, -7.869222868894139, -7.8692228688927885, -7.8692228792713, -7.869222879271271, -7.869222879271358], "energies_uniform": [-7.867341813455553, -7.867932824533528, -7.866386629974142, -7.755914572067274, -7.754845416403913, -7.754944197724981, -7.86883213928205, -7.867531994012732, -7.869062971746741, -7.870391255958625, -7.86982218684283, -7.869466037581461, -7.868695413856988, -7.869599787663075, -7.868437087953792, -7.8695103247606255, -7.868594337987273, -7.869343786038907], "energies_vmsa": [-7.866808159069748, -7.866743352267958, -7.867075748506979, -7.754700754850292, -7.753836525253506, -7.756134828214842, -7.870069358118225, -7.868700519651803, -7.86944096780096, -7.868508207140174, -7.8692875077588225, -7.8690034548867756, -7.8694195025320495, -7.869887432045829, -7.869402768546969, -7.869762768520897, -7.869387218483103, -7.868651085864881], "energies_vpsr": [-7.866373911902139, -7.867023800157275, -7.866169793642395, -7.753655628979692, -7.758209483795819, -7.753667188771087, -7.868378219504064, -7.869683070730335, -7.869155732908659, -7.868898164323474, -7.869140146056273, -7.870082764668778, -7.869087493659639, -7.8689246401980855, -7.869696096750067, -7.8707661176889445, -7.868153044416009, -7.870145621253653], "std_uniform": [0.0010494825507830845, 0.0011730830491724084, 0.0014719465817123174, 0.005006373597855785, 0.0038375394618538738, 0.0053370228439990446, 0.002214258898848799, 0.002955082280586503, 0.0014274006604378274, 0.002544110445490164, 0.0016578011985000324, 0.00119768917335069, 0.0028385853331457903, 0.001284366949293624, 0.002087274873682947, 0.0020599323000375525, 0.0028906877152594574, 0.001991445156622848], "std_vmsa": [0.0011843110565212774, 0.0009754088763356828, 0.0012401998373083416, 0.0029269577104914556, 0.002867524868225348, 0.0033800182101304437, 0.0023077211570098834, 0.0013425797375810281, 0.002166203646000923, 0.0020293550475839225, 0.0014922892059598652, 0.0014634107626459293, 0.001322706960192389, 0.0022665582407076492, 0.0011692049366715995, 0.0009914166601393004, 0.001811970005288976, 0.002324504386442576], "std_vpsr": [0.002390072590610584, 0.0018933402056961672, 0.001664836950434406, 0.0064485533034439255, 0.006714000416402032, 0.00437293021566054, 0.0025428768256888323, 0.0023652123271316375, 0.0025676224648198518, 0.0020953256405024604, 0.003807591129665027, 0.004414944780724752, 0.0026814465440820846, 0.0030613895494553895, 0.0036135392249513312, 0.0014039952862420952, 0.0019796535631811684, 0.0034674088200509555], "shots_uniform": [[1138, 1138, 1138, 1138, 1138, 1138, 1138, 1137, 1137], [1138, 1138, 1138, 1138, 1138, 1138, 1138, 1137, 1137], [1138, 1138, 1138, 1138, 1138, 1138, 1138, 1137, 1137], [1138, 1138, 1138, 1138, 1138, 1138, 1138, 1137, 1137], [1138, 1138, 1138, 1138, 1138, 1138, 1138, 1137, 1137], [1138, 1138, 1138, 1138, 1138, 1138, 1138, 1137, 1137], [1138, 1138, 1138, 1138, 1138, 1138, 1138, 1137, 1137], [1138, 1138, 1138, 1138, 1138, 1138, 1138, 1137, 1137], [1138, 1138, 1138, 1138, 1138, 1138, 1138, 1137, 1137], [1138, 1138, 1138, 1138, 1138, 1138, 1138, 1137, 1137], [1138, 1138, 1138, 1138, 1138, 1138, 1138, 1137, 1137], [1138, 1138, 1138, 1138, 1138, 1138, 1138, 1137, 1137], [1138, 1138, 1138, 1138, 1138, 1138, 1138, 1137, 1137], [1138, 1138, 1138, 1138, 1138, 1138, 1138, 1137, 1137], [1138, 1138, 1138, 1138, 1138, 1138, 1138, 1137, 1137], [1138, 1138, 1138, 1138, 1138, 1138, 1138, 1137, 1137], [1138, 1138, 1138, 1138, 1138, 1138, 1138, 1137, 1137], [1138, 1138, 1138, 1138, 1138, 1138, 1138, 1137, 1137]],