{"pool_name": "QE", "initial_energy": -7.8625676, "fci_energy": -7.869863827996727, "data_list": [{"energies_statevector": [-7.8625676], "energies_uniform": [-7.862538861722656], "energies_vmsa": [-7.862594817171571], "energies_vpsr": [-7.862456747989162], "std_uniform": [0.0008549647745149394], "std_vmsa": [0.0006959961501981109], "std_vpsr": [0.000861034721300265], "shots_uniform": [[1024, 1024, 1024, 1024, 1024, 1024, 1024, 1024, 1024]], "shots_vmsa": [[398, 400, 438, 414, 1762, 1762, 1575, 1567, 1]], "shots_vpsr": [[260, 260, 273, 273, 1138, 1146, 1023, 1024, 1]]}, {"energies_statevector": [-7.862567599999997, -7.862567600516427, -7.772583356357052, -7.772583354685058, -7.8665429042074875, -7.866542904282142, -7.866625673038635, -7.8666256730372295, -7.866625702256732, -7.866625702256736], "energies_uniform": [-7.862504026587892, -7.862574547177734, -7.771758690919921, -7.772073220419921, -7.86653242094336, -7.866362731269529, -7.86648847473047, -7.866565197626952, -7.866364925478516, -7.86687907546875], "energies_vmsa": [-7.862642382818325, -7.862615239560273, -7.772410295615605, -7.772983460854332, -7.866668665485365, -7.866709429836522, -7.866427180449308, -7.866598151820188, -7.866474995886765, -7.866341695134069], "energies_vpsr": [-7.862586309742182, -7.8624618135079665, -7.7721866420878305, -7.772835338572644, -7.8665419117487225, -7.863136853335976, -7.866705457713507, -7.866482586705225, -7.866620551212497, -7.866464926273364], "std_uniform": [0.0007503716052454746, 0.0007904781059047155, 0.005946421515228617, 0.006357441464872262, 0.0019505153967038075, 0.0017548587192211817, 0.0020875062578814794, 0.0021559231597542863, 0.002096735731434041, 0.0017182862283875162], "std_vmsa": [0.0006694444673213445, 0.0006757341088387587, 0.0029209686488448974, 0.0029795108068204172, 0.0011476431079410151, 0.001308907535300626, 0.0013439398463040177, 0.0014127900058499784, 0.0014576789470027707, 0.0012866161674596013], "std_vpsr": [0.0008815531047980335, 0.0007536829341734906, 0.005527879407630917, 0.006288676756010635, 0.0019671455661122183, 0.001595875827059975, 0.0019764063095599393, 0.0022082418147122067, 0.0022502354951574456, 0.0019137170745475926], "shots_uniform": [[1024, 1024, 1024, 1024, 1024, 1024, 1024, 1024, 1024], [1024, 1024, 1024, 1024, 1024, 1024, 1024, 1024, 1024], [1024, 1024, 1024, 1024, 1024, 1024, 1024, 1024, 1024], [1024, 1024, 1024, 1024, 1024, 1024, 1024, 1024, 1024], [1024, 1024, 1024, 1024, 1024, 1024, 1024, 1024, 1024], [1024, 1024, 1024, 1024, 1024, 1024, 1024, 1024, 1024], [1024, 1024, 1024, 1024, 1024, 1024, 1024, 1024, 1024], [1024, 1024, 1024, 1024, 1024, 1024, 1024, 1024, 1024], [1024, 1024, 1024, 1024, 1024, 1024, 1024, 1024, 1024], [1024, 1024, 1024, 1024, 1024, 1024, 1024, 1024, 1024]], "shots_vmsa": [[395, 398, 449, 448, 1752, 1748, 1566, 1559, 1], [399, 397, 439, 447, 1762, 1749, 1554, 1569, 1], [86, 86, 92, 92, 75, 165, 4717, 405, 2599], [87, 87, 98, 95, 167, 131, 4610, 403, 2637], [217, 217, 236, 242, 850, 919, 2807, 855, 1974], [186, 186, 201, 216, 765, 796, 4025, 738, 1202], [153, 153, 171, 171, 655, 652, 4047, 608, 1706], [168, 169, 183, 191, 721, 721, 3629, 668, 1866], [187, 188, 209, 204, 812, 779, 3113, 742, 2082], [192, 193, 213, 217, 820, 803, 3352, 765, 1762]], "shots_vpsr": [[262, 262, 274, 292, 1150, 1154, 1023, 1007, 1], [262, 263, 274, 299, 1151, 1145, 1033, 1008, 1], [24, 24, 26, 25, 36, 50, 1242, 109, 727], [22, 22, 24, 25, 33, 27, 1241, 101, 665], [74, 74, 83, 84, 309, 322, 1565, 291, 674], [121, 121, 133, 127, 533, 515, 1578, 487, 1], [87, 87, 89, 99, 380, 341, 1502, 346, 965], [61, 62, 67, 71, 252, 252, 1513, 247, 691], [131, 133, 152, 149, 539, 586, 1612, 529, 862], [114, 117, 137, 138, 502, 494, 1514, 462, 1062]]}, {"energies_statevector": [-7.866625702256729, -7.866625702256736, -7.866625701820167, -7.75529738581011, -7.755297384143477, -7.755297387676325, -7.869102485615112, -7.86910248556375, -7.8691024855472955, -7.869221549910387, -7.8692215499019005, -7.869221549907073, -7.869222868893384, -7.869222868894139, -7.8692228688927885, -7.8692228792713, -7.869222879271271, -7.869222879271358], "energies_uniform": [-7.867033994175781, -7.866740363601564, -7.866749203378905, -7.755606570792969, -7.7555562857050795, -7.755089533667968, -7.869272997636719, -7.869328573435546, -7.868866683261718, -7.869115218970703, -7.869728923828125, -7.8692501359218765, -7.869376192476563, -7.868961669005858, -7.86951926447461, -7.8689668798320325, -7.869633095968751, -7.869539796593751], "energies_vmsa": [-7.866896678971337, -7.866746388628823, -7.866425730658647, -7.756427268318, -7.755777364809675, -7.755123682088401, -7.869332835105729, -7.869125024060712, -7.869033956724715, -7.869243473810128, -7.86919294348663, -7.869053100311552, -7.868978322331316, -7.8690523979261995, -7.869269626136866, -7.869362735237149, -7.869391541248104, -7.866946571117767], "energies_vpsr": [-7.8666320475610885, -7.866757166674248, -7.866815479197064, -7.754689779238123, -7.754828714292164, -7.755062618457282, -7.869004164810392, -7.869195462965321, -7.869483513695465, -7.869270311360512, -7.869311600904552, -7.869195829346163, -7.869327606230252, -7.8689746226705495, -7.869379302064578, -7.86896009644315, -7.869246858278376, -7.868896708321374], "std_uniform": [0.002250786039749788, 0.0019763855594696306, 0.0017410038375064044, 0.00608995785287995, 0.005569145386273862, 0.005760861060678428, 0.002220806420087334, 0.002556154179428948, 0.0026198546930390806, 0.002328671479383317, 0.002125377299834919, 0.0021966824850865345, 0.002318748554463023, 0.002420071886950497, 0.0023998406964814457, 0.0023209262199921387, 0.0024690369756986312, 0.0022503155415453586], "std_vmsa": [0.0014241468980160758, 0.0014532771829363692, 0.0016805036553487925, 0.006185589391610801, 0.0033689958929814883, 0.0038396100837021436, 0.0015038563824841635, 0.002484139474420874, 0.0022121916826734105, 0.0017305861503261097, 0.00202523157928308, 0.0017339093108726797, 0.0018646197078876962, 0.0020033285177488117, 0.002595547448747865, 0.002129200209370391, 0.001868505178595151, 0.026816277000593216], "std_vpsr": [0.0023503508931491555, 0.0020185899723152035, 0.0025024130664148274, 0.006346345396291145, 0.00595933240649356, 0.006528655310664463, 0.0027325020609824035, 0.002628134277434305, 0.0027274629803697038, 0.0023983024773354747, 0.0033231255028285567, 0.002774111494807673, 0.0026896184743270143, 0.0034744583736296695, 0.002613114602324634, 0.00274153723231404, 0.0022339683456964595, 0.0029705781229513017], "shots_uniform": [[1024, 1024, 1024, 1024, 1024, 1024, 1024, 1024, 1024], [1024, 1024, 1024, 1024, 1024, 1024, 1024, 1024, 1024], [1024, 1024, 1024, 1024, 1024, 1024, 1024, 1024, 1024], [1024, 1024, 1024, 1024, 1024, 1024, 1024, 1024, 1024], [1024, 1024, 1024, 1024, 1024, 1024, 1024, 1024, 1024], [1024, 1024, 1024, 1024, 1024, 1024, 1024, 1024, 1024], [1024, 1024, 1024, 1024, 1024, 1024, 1024, 1024, 1024], [1024, 1024, 1024, 1024, 1024, 1024, 1024, 1024, 1024], [1024, 1024, 1024, 1024, 1024, 1024, 1024, 1024, 1024], [1024, 1024, 1024, 1024, 1024, 1024, 1024, 1024, 1024], [1024, 1024, 1024, 1024, 1024, 1024, 1024, 1024, 1024], [1024, 1024, 1024, 1024, 1024, 1024, 1024, 1024, 1024], [1024, 1024, 1024, 1024, 1024, 1024, 1024, 1024, 1024], [1024, 1024, 1024, 1024, 1024, 1024, 1024, 1024, 1024], [1024, 1024, 1024, 1024, 1024, 1024, 1024, 1024, 1024], [1024, 1024, 1024, 1024, 1024, 1024, 1024, 1024, 1024], [1024, 1024, 1024, 1024, 1024, 1024, 1024, 1024, 1024], [1024, 1024, 1024, 1024, 1024, 1024, 1024, 1024, 1024]],