{"pool_name": "QE", "initial_energy": -0.7964, "fci_energy": -1.2775555229656779, "data_list": [{"energies_statevector": [-0.7964], "energies_uniform": [-0.7966324031193761], "energies_vmsa": [-0.7966537777343129], "energies_vpsr": [-0.797114737995338], "std_uniform": [0.004035977946987773], "std_vmsa": [0.0032322342324627522], "std_vpsr": [0.004570163366632213], "shots_uniform": [[1667, 1667, 1666]], "shots_vmsa": [[2322, 2378, 1]], "shots_vpsr": [[1573, 1560, 1]]}]}