{"pool_name": "QE", "initial_energy": -1.1166512474115222, "fci_energy": -1.1372633383635353, "data_list": [{"energies_statevector": [-1.1166512474115222], "energies_uniform": [], "energies_vmsa": [], "energies_vpsr": [], "std_uniform": [], "std_vmsa": [], "std_vpsr": [], "shots_uniform": [], "shots_vmsa": [], "shots_vpsr": []}, {"energies_statevector": [-1.1166512474115213, -1.116651243785073, -0.16669246730467863, -0.16669248313035723, -1.1367682481117052, -1.136768247546139, -1.1372632894962993, -1.1372632895019195, -1.1372633383635302, -1.1372633383635282], "energies_uniform": [], "energies_vmsa": [], "energies_vpsr": [], "std_uniform": [], "std_vmsa": [], "std_vpsr": [], "shots_uniform": [], "shots_vmsa": [], "shots_vpsr": []}]}