{"pool_name": "QE", "initial_energy": -0.8413485984542795, "fci_energy": -0.9663345447803098, "data_list": [{"energies_statevector": [-0.8413485984542795], "energies_uniform": [-0.8419110264797558], "energies_vmsa": [-0.8431530175766072], "energies_vpsr": [-0.8414264081115548], "std_uniform": [0.0030499691471926396], "std_vmsa": [0.004051675723808476], "std_vpsr": [0.004294567597607228], "shots_uniform": [[1024, 1024, 1024, 1024, 1024]], "shots_vmsa": [[1154, 1158, 1150, 1158, 1]], "shots_vpsr": [[926, 929, 922, 920, 1]]}, {"energies_statevector": [-0.841348598454279, -0.8413485935527785, -0.8124305368691761, -0.8124305421420388, -0.9663191109023609, -0.9663191108412202, -0.966334112698392, -0.9663341127086227, -0.9663345447803086, -0.9663345447803081], "energies_uniform": [-0.8419110264797558, -0.8400562106510572, -0.8126431576995822, -0.8112375691182937, -0.964953948050422, -0.9691226489201943, -0.9674112179116457, -0.96643014399916, -0.9686906610308353, -0.9656662408208113], "energies_vmsa": [-0.8418361522902751, -0.840374722789981, -0.8135933795008695, -0.811709756606746, -0.9668290438023082, -0.9657350738863585, -0.9647798929196331, -0.9669731974666217, -0.9663751379904604, -0.9659487402506063], "energies_vpsr": [-0.8382565715488907, -0.841240105351391, -0.8080799945374115, -0.8105051137609269, -0.9687526646766138, -0.9648657371337478, -0.9669768646816234, -0.968575539687348, -0.9675797198034015, -0.967693710095948], "std_uniform": [0.0034678445068786184, 0.004115102789350495, 0.00564425249216296, 0.004989084779043151, 0.0031021043780600282, 0.005578290808954244, 0.003683625214262518, 0.00434347568604007, 0.004176471088594315, 0.003481697431901438], "std_vmsa": [0.004427459867761667, 0.0039535782061467396, 0.003766769697269442, 0.00331961369627876, 0.003506987816629678, 0.004250323271591458, 0.0038647039433879404, 0.0052058966565764015, 0.003909824815623101, 0.004436190123424536], "std_vpsr": [0.00383897783395512, 0.003782329717849826, 0.004048992047273254, 0.005187032475546362, 0.0057251367202491915, 0.004180328928032796, 0.0042082360565745425, 0.0037177141852278886, 0.003999380691241724, 0.002634160181240237], "shots_uniform": [[1024, 1024, 1024, 1024, 1024], [1024, 1024, 1024, 1024, 1024], [1024, 1024, 1024, 1024, 1024], [1024, 1024, 1024, 1024, 1024], [1024, 1024, 1024, 1024, 1024], [1024, 1024, 1024, 1024, 1024], [1024, 1024, 1024, 1024, 1024], [1024, 1024, 1024, 1024, 1024], [1024, 1024, 1024, 1024, 1024], [1024, 1024, 1024, 1024, 1024]], "shots_vmsa": [[1168, 1159, 1162, 1130, 1], [1154, 1160, 1148, 1158, 1], [293, 569, 535, 411, 2813], [633, 460, 460, 210, 2857], [597, 597, 663, 546, 2216], [496, 462, 695, 557, 2411], [746, 379, 435, 484, 2576], [476, 584, 648, 507, 2405], [482, 609, 581, 550, 2398], [506, 689, 471, 568, 2386]], "shots_vpsr": [[920, 927, 920, 929, 1], [930, 913, 927, 927, 1], [344, 264, 264, 294, 1435], [232, 232, 281, 232, 1398], [405, 386, 264, 405, 1470], [331, 274, 295, 375, 1452], [384, 416, 384, 384, 1485], [328, 328, 306, 418, 1465], [352, 366, 322, 338, 1468], [514, 390, 414, 478, 1490]]}]}