{"pool_name": "QE", "initial_energy": -7.8625676, "fci_energy": -7.869863827996722, "data_list": [{"energies_statevector": [-7.8625676], "energies_uniform": [-7.862467344198173], "energies_vmsa": [-7.86267130700374], "energies_vpsr": [-7.862576786557261], "std_uniform": [0.0007861188855538966], "std_vmsa": [0.0005964904060004407], "std_vpsr": [0.0008587446371311519], "shots_uniform": [[1138, 1138, 1138, 1138, 1138, 1138, 1138, 1137, 1137]], "shots_vmsa": [[448, 449, 464, 502, 1977, 1967, 1766, 1766, 1]], "shots_vpsr": [[293, 288, 332, 336, 1283, 1290, 1151, 1154, 1]]}, {"energies_statevector": [-7.862567599999997, -7.862567600516427, -7.772583356357052, -7.772583354685058, -7.8665429042074875, -7.866542904282142, -7.866625673038635, -7.8666256730372295, -7.866625702256732, -7.866625702256736], "energies_uniform": [-7.862459369410923, -7.862620876930164, -7.772360403515519, -7.772671266612812, -7.866579387120961, -7.866428207265367, -7.866445985001133, -7.866390030358309, -7.866427956072174, -7.8667516516394755], "energies_vmsa": [-7.862487215142878, -7.862681736386089, -7.772102129312298, -7.77270528910929, -7.866426400050864, -7.864988215339893, -7.866576355117395, -7.8716969163970125, -7.866686768746336, -7.866526478427501], "energies_vpsr": [-7.86254368495253, -7.862615830871951, -7.772524770681488, -7.772818041005581, -7.866458382162725, -7.866472997187055, -7.866969155373595, -7.8666850808238085, -7.866583308815235, -7.866364976993822], "std_uniform": [0.0007907651684068578, 0.0007323449891687595, 0.005412083378269684, 0.005581469519997587, 0.0018098647083555962, 0.0014036147281208512, 0.002033102498699617, 0.0019256239081758355, 0.001927460743687387, 0.0018090592918015346], "std_vmsa": [0.00059976791222056, 0.0006553973824176948, 0.003145576567202621, 0.0029907306069368025, 0.0013808410747078476, 0.018932343920251532, 0.0014041296133622664, 0.0414112801349543, 0.0019023809737589107, 0.0012504789887072482], "std_vpsr": [0.0008002790684209878, 0.0008229757668860914, 0.0050225244232261984, 0.0054808299223265775, 0.0020497593169287523, 0.0018219836316988745, 0.0021647899893787867, 0.002099468147123991, 0.0019781620943790726, 0.00220162690293269], "shots_uniform": [[1138, 1138, 1138, 1138, 1138, 1138, 1138, 1137, 1137], [1138, 1138, 1138, 1138, 1138, 1138, 1138, 1137, 1137], [1138, 1138, 1138, 1138, 1138, 1138, 1138, 1137, 1137], [1138, 1138, 1138, 1138, 1138, 1138, 1138, 1137, 1137], [1138, 1138, 1138, 1138, 1138, 1138, 1138, 1137, 1137], [1138, 1138, 1138, 1138, 1138, 1138, 1138, 1137, 1137], [1138, 1138, 1138, 1138, 1138, 1138, 1138, 1137, 1137], [1138, 1138, 1138, 1138, 1138, 1138, 1138, 1137, 1137], [1138, 1138, 1138, 1138, 1138, 1138, 1138, 1137, 1137], [1138, 1138, 1138, 1138, 1138, 1138, 1138, 1137, 1137]], "shots_vmsa": [[450, 450, 447, 493, 1983, 1982, 1772, 1763, 1], [446, 446, 490, 510, 1971, 1973, 1758, 1747, 1], [103, 103, 116, 112, 215, 154, 5507, 472, 2558], [97, 98, 112, 105, 147, 259, 5285, 446, 2792], [343, 343, 380, 378, 1498, 1484, 1346, 1359, 2212], [322, 321, 374, 353, 1405, 1367, 3913, 1284, 1], [209, 210, 215, 227, 868, 891, 4537, 830, 1353], [251, 251, 276, 262, 1094, 1081, 5136, 989, 1], [296, 294, 324, 332, 1206, 1278, 1157, 1174, 3278], [182, 182, 196, 196, 758, 773, 4322, 719, 2012]], "shots_vpsr": [[292, 293, 328, 316, 1287, 1286, 1151, 1147, 1], [293, 293, 319, 312, 1291, 1291, 1139, 1145, 1], [27, 26, 30, 30, 40, 63, 1403, 124, 811], [26, 26, 30, 29, 50, 23, 1416, 121, 694], [84, 86, 91, 100, 365, 370, 1761, 339, 779], [85, 85, 94, 93, 376, 371, 1787, 337, 551], [87, 87, 96, 101, 367, 353, 1789, 342, 564], [75, 75, 82, 83, 310, 320, 1749, 293, 484], [72, 73, 77, 81, 317, 294, 1733, 289, 661], [70, 69, 71, 72, 284, 291, 1696, 269, 773]]}, {"energies_statevector": [-7.866625702256729, -7.866625702256736, -7.866625701820167, -7.75529738581011, -7.755297384143477, -7.755297387676325, -7.869102485615112, -7.86910248556375, -7.8691024855472955, -7.869221549910387, -7.8692215499019005, -7.869221549907073, -7.869222868893384, -7.869222868894139, -7.8692228688927885, -7.8692228792713, -7.869222879271271, -7.869222879271358], "energies_uniform": [-7.866445554818446, -7.866932542957122, -7.866354996500995, -7.755388100041841, -7.75510706467643, -7.755432846574865, -7.868929922651753, -7.869057622881234, -7.868984621686019, -7.869426949473653, -7.869601246024197, -7.869421929506612, -7.868544761649268, -7.869247378487587, -7.86905436078348, -7.869105086377508, -7.8692522625413694, -7.869330656474391], "energies_vmsa": [-7.866685852649926, -7.86658743127074, -7.866748824952372, -7.756093864512793, -7.754925501056321, -7.755097866868773, -7.869189325043437, -7.869219988101163, -7.869288539892394, -7.869081945641503, -7.869291361660889, -7.8696115316730175, -7.869113113992078, -7.869537726614911, -7.869242247835725, -7.8691329645138595, -7.869398271551531, -7.8690399836562515], "energies_vpsr": [-7.866656766369244, -7.866595853970606, -7.866713763854764, -7.755616812205987, -7.755599816449412, -7.75576065916604, -7.869205390326771, -7.869029270091329, -7.868619698635935, -7.868597952116522, -7.8695256194141825, -7.869719361739961, -7.869406605400037, -7.869318193833103, -7.8689458829884025, -7.869634022265152, -7.869019775282198, -7.868986208036122], "std_uniform": [0.001902157275018826, 0.0019419021780697648, 0.0021007602205919294, 0.005549356646584456, 0.005755168280904222, 0.005969481982930178, 0.0021811674068051385, 0.0026113959891995455, 0.002547910812904467, 0.002023300421190522, 0.0023250587727175176, 0.002188645577273952, 0.0024128327664710114, 0.0022592304535380275, 0.002079586529011286, 0.002185712088697348, 0.0018653291566663522, 0.0021468616268646252], "std_vmsa": [0.0012673276349440784, 0.001180243559779245, 0.0013793238170992654, 0.005409998743729401, 0.003673733894101056, 0.003548136185337813, 0.0017499571246349026, 0.0018170558472928987, 0.0018663633390414024, 0.002294082622394401, 0.0016914350326410056, 0.0018274919197340993, 0.0015653447883691744, 0.0021722202518116656, 0.001502228731244743, 0.0018310259536402514, 0.0021024080596987334, 0.0015890036803579517], "std_vpsr": [0.001956317880668903, 0.0018261385366448212, 0.002172354169691734, 0.006868579191038868, 0.005705063640219384, 0.0063944749892892155, 0.0029630698215363294, 0.0029362151398355336, 0.0026440086570044753, 0.03272405116294189, 0.0033269280887928613, 0.00271377399847286, 0.002459519024960678, 0.0025170540895937945, 0.0026660941666931453, 0.002735194261189544, 0.002503565090282606, 0.0021294777370070386], "shots_uniform": [[1138, 1138, 1138, 1138, 1138, 1138, 1138, 1137, 1137], [1138, 1138, 1138, 1138, 1138, 1138, 1138, 1137, 1137], [1138, 1138, 1138, 1138, 1138, 1138, 1138, 1137, 1137], [1138, 1138, 1138, 1138, 1138, 1138, 1138, 1137, 1137], [1138, 1138, 1138, 1138, 1138, 1138, 1138, 1137, 1137], [1138, 1138, 1138, 1138, 1138, 1138, 1138, 1137, 1137], [1138, 1138, 1138, 1138, 1138, 1138, 1138, 1137, 1137], [1138, 1138, 1138, 1138, 1138, 1138, 1138, 1137, 1137], [1138, 1138, 1138, 1138, 1138, 1138, 1138, 1137, 1137], [1138, 1138, 1138, 1138, 1138, 1138, 1138, 1137, 1137], [1138, 1138, 1138, 1138, 1138, 1138, 1138, 1137, 1137], [1138, 1138, 1138, 1138, 1138, 1138, 1138, 1137, 1137], [1138, 1138, 1138, 1138, 1138, 1138, 1138, 1137, 1137], [1138, 1138, 1138, 1138, 1138, 1138, 1138, 1137, 1137], [1138, 1138, 1138, 1138, 1138, 1138, 1138, 1137, 1137], [1138, 1138, 1138, 1138, 1138, 1138, 1138, 1137, 1137], [1138, 1138, 1138, 1138, 1138, 1138, 1138, 1137, 1137], [1138, 1138, 1138, 1138, 1138, 1138, 1138, 1137, 1137]],