{"pool_name": "QE", "initial_energy": -0.8413485984542795, "fci_energy": -0.9663345447803098, "data_list": [{"energies_statevector": [-0.8413485984542795], "energies_uniform": [-0.8412312065621533], "energies_vmsa": [-0.841287674591765], "energies_vpsr": [-0.841440216431178], "std_uniform": [0.003610792609206009], "std_vmsa": [0.003619848782402223], "std_vpsr": [0.003951575321334635], "shots_uniform": [[1024, 1024, 1024, 1024, 1024]], "shots_vmsa": [[1151, 1155, 1157, 1157, 1]], "shots_vpsr": [[926, 926, 918, 927, 1]]}, {"energies_statevector": [-0.841348598454279, -0.8413485935527785, -0.8124305368691761, -0.8124305421420388, -0.9663191109023609, -0.9663191108412202, -0.966334112698392, -0.9663341127086227, -0.9663345447803086, -0.9663345447803081], "energies_uniform": [-0.8414382279417436, -0.8414500748299398, -0.8124020387084427, -0.8122987120284678, -0.9662243829372195, -0.9664921045280351, -0.9662269288660951, -0.9663477418339016, -0.9660701210021918, -0.9661820208057698], "energies_vmsa": [-0.8412364183404943, -0.841292350996721, -0.8123824140000632, -0.8121597550760458, -0.9664541301968086, -0.9661983515300888, -0.966477135182725, -0.9666375322154557, -0.9664477792836367, -0.9663501168985408], "energies_vpsr": [-0.8413602016326792, -0.8413599244046364, -0.8122027688885884, -0.8120033625287361, -0.966610794459489, -0.966505914997864, -0.9659221762922827, -0.9663766886830569, -0.9664852637614859, -0.9663087512297803], "std_uniform": [0.0038201692956464656, 0.0038590918633808905, 0.005452964172316946, 0.005261506734281848, 0.005058862281485871, 0.004973482642486669, 0.004970735244621457, 0.005000010200910872, 0.005119162630212032, 0.005094273556607854], "std_vmsa": [0.0035302507435362655, 0.003584181504988776, 0.0038774946813206093, 0.003911793880415985, 0.004313036268195095, 0.004358050163083539, 0.004203862544397755, 0.004002520123708427, 0.00421711594267608, 0.0041908558393093315], "std_vpsr": [0.003973058659404639, 0.003966457910454965, 0.0062610249620785145, 0.0058108942868851645, 0.005172809699424139, 0.005172443513043003, 0.005428556119428028, 0.005227311124622608, 0.005641041340105118, 0.005421632930374411], "shots_uniform": [[1024, 1024, 1024, 1024, 1024], [1024, 1024, 1024, 1024, 1024], [1024, 1024, 1024, 1024, 1024], [1024, 1024, 1024, 1024, 1024], [1024, 1024, 1024, 1024, 1024], [1024, 1024, 1024, 1024, 1024], [1024, 1024, 1024, 1024, 1024], [1024, 1024, 1024, 1024, 1024], [1024, 1024, 1024, 1024, 1024], [1024, 1024, 1024, 1024, 1024]], "shots_vmsa": [[1156, 1156, 1152, 1155, 1], [1158, 1151, 1160, 1151, 1], [518, 405, 333, 236, 3128], [531, 531, 438, 313, 2808], [641, 592, 564, 535, 2289], [561, 637, 637, 466, 2318], [604, 576, 546, 514, 2380], [646, 490, 490, 646, 2349], [609, 655, 497, 557, 2302], [602, 551, 577, 577, 2313]], "shots_vpsr": [[924, 923, 925, 925, 1], [927, 929, 918, 921, 1], [200, 128, 128, 179, 1296], [188, 188, 188, 155, 1327], [392, 392, 319, 421, 1480], [407, 319, 376, 434, 1480], [455, 408, 309, 238, 1457], [389, 512, 389, 526, 1487], [283, 263, 396, 301, 1444], [355, 418, 398, 355, 1481]]}]}