{"pool_name": "QE", "initial_energy": 0.0, "fci_energy": -1.2775555229656779, "data_list": [{"energies_statevector": [0.0], "energies_uniform": [0.0004912825434913026], "energies_vmsa": [0.00017099054920095114], "energies_vpsr": [-0.00021617655002887927], "std_uniform": [0.004410030764584606], "std_vmsa": [0.003966639969806877], "std_vpsr": [0.0049091560569868515], "shots_uniform": [[1667, 1667, 1666]], "shots_vmsa": [[2352, 2348, 1]], "shots_vpsr": [[1566, 1567, 1]]}]}