{"pool_name": "QE", "initial_energy": -1.1166512474115222, "fci_energy": -1.1372633383635353, "data_list": [{"energies_statevector": [-1.1166512474115222], "energies_uniform": [-1.115291329369788], "energies_vmsa": [-1.1141293561230723], "energies_vpsr": [-1.1170180975782205], "std_uniform": [0.00585449586958769], "std_vmsa": [0.00516119755936014], "std_vpsr": [0.0060553993789471666], "shots_uniform": [[200, 200, 200, 200, 200]], "shots_vmsa": [[236, 236, 236, 241, 1]], "shots_vpsr": [[189, 189, 189, 193, 1]]}, {"energies_statevector": [-1.1166512474115213, -1.116651243785073, -0.16669246730467863, -0.16669248313035723, -1.1367682481117052, -1.136768247546139, -1.1372632894962993, -1.1372632895019195, -1.1372633383635302, -1.1372633383635282], "energies_uniform": [-1.1155633129781346, -1.1164699250059578, -0.13876434913053132, -0.1578966565319953, -1.1345706521841505, -1.1349665186703277, -1.1316635949767364, -1.1440039191846902, -1.1326653701185223, -1.1344377654839584], "energies_vmsa": [-1.1204556574532212, -1.1164903623768594, -0.16611573305117622, -0.18081798813301225, -1.1517452578052902, -1.1507101467296377, -1.1334926610354525, -1.1572019431339655, -1.157206751968345, -1.160044402452736], "energies_vpsr": [-1.1139726242300714, -1.115983217496284, -0.1704560616384187, -0.19626150278324367, -1.1499690108042542, -1.1478170405355204, -1.155231294707915, -1.1421768080295325, -1.1558177515911028, -1.1548181644282731], "std_uniform": [0.008272555313951054, 0.00528330055278058, 0.05775461229485837, 0.027235407953151054, 0.01076044286344914, 0.01130956380461081, 0.0090047209271058, 0.01039081305846199, 0.013817190127991624, 0.009158425656494794], "std_vmsa": [0.00582083738851491, 0.005683002722996667, 0.02398880330420834, 0.027482411490521812, 0.005922519759785883, 0.005420941437377307, 0.009587147764604453, 0.004243086963830666, 0.0035962464262232507, 0.007163678707635482], "std_vpsr": [0.006236462725935996, 0.0038659137603437145, 0.07305302572384119, 0.05808515555819908, 0.004595286568046526, 0.00508830846266662, 0.004760299011617328, 0.02099731464880901, 0.00631199028269661, 0.004014769589877199], "shots_uniform": [[200, 200, 200, 200, 200], [200, 200, 200, 200, 200], [200, 200, 200, 200, 200], [200, 200, 200, 200, 200], [200, 200, 200, 200, 200], [200, 200, 200, 200, 200], [200, 200, 200, 200, 200], [200, 200, 200, 200, 200], [200, 200, 200, 200, 200], [200, 200, 200, 200, 200]], "shots_vmsa": [[228, 228, 249, 244, 1], [261, 240, 209, 240, 1], [52, 1, 1, 1, 898], [1, 1, 33, 33, 883], [245, 230, 230, 245, 1], [173, 264, 282, 231, 1], [42, 68, 63, 55, 722], [272, 163, 249, 266, 1], [260, 260, 170, 260, 1], [240, 240, 245, 225, 1]], "shots_vpsr": [[197, 197, 201, 161, 1], [190, 190, 190, 190, 1], [1, 9, 1, 1, 198], [1, 1, 1, 10, 199], [179, 195, 195, 191, 1], [192, 192, 188, 188, 1], [183, 196, 196, 183, 1], [24, 22, 22, 24, 251], [198, 198, 198, 161, 1], [201, 164, 201, 188, 1]]}]}