{"pool_name": "QE", "initial_energy": -7.8625676, "fci_energy": -7.869863827996727, "data_list": [{"energies_statevector": [-7.8625676], "energies_uniform": [-7.861892999007032], "energies_vmsa": [-7.861812333823469], "energies_vpsr": [-7.861404310409628], "std_uniform": [0.001039785446597247], "std_vmsa": [0.0008988700386906612], "std_vpsr": [0.001044154529181251], "shots_uniform": [[1024, 1024, 1024, 1024, 1024, 1024, 1024, 1024, 1024]], "shots_vmsa": [[368, 368, 373, 399, 1617, 1619, 1443, 1437, 692]], "shots_vpsr": [[257, 255, 250, 275, 1130, 1131, 1011, 1051, 1]]}, {"energies_statevector": [-7.862567599999997, -7.862567600516427, -7.772583356357052, -7.772583354685058, -7.8665429042074875, -7.866542904282142, -7.866625673038635, -7.8666256730372295, -7.866625702256732, -7.866625702256736], "energies_uniform": [-7.860330977307422, -7.860467108997656, -7.771002947488867, -7.771151134587891, -7.8642901311679685, -7.864219701802539, -7.864352644164454, -7.864348151437109, -7.864337480369532, -7.864360526578321], "energies_vmsa": [-7.860351398070365, -7.860378769695741, -7.771202004075592, -7.77121586915367, -7.864306704865136, -7.864259323476628, -7.864301949176343, -7.864358057678852, -7.864372119297299, -7.8643219454023585], "energies_vpsr": [-7.861105345858117, -7.861354769882618, -7.7714918995802, -7.770898313224461, -7.864264573022063, -7.864225413480548, -7.864345019613261, -7.864393431014979, -7.864431404117733, -7.864319323092197], "std_uniform": [0.0014299324533412695, 0.0013978669258509705, 0.005529162177182982, 0.005905785385559903, 0.002062325934253276, 0.0022087603887968473, 0.002347625626640108, 0.002448063716830919, 0.002391088629089287, 0.0023938652928711837], "std_vmsa": [0.0012958316964272107, 0.0011935959184266604, 0.00321739243868092, 0.003367400878340419, 0.0019221762302014099, 0.0016050551196693094, 0.0016859217722908846, 0.0016473727450207632, 0.0016973582671172577, 0.0016657766921943983], "std_vpsr": [0.017253642642067045, 0.01804580771619468, 0.0065597062882578735, 0.006368203365442323, 0.002437487751856529, 0.0024271580794833782, 0.00247814961819532, 0.0025198355256323946, 0.0026646120115080135, 0.002484933588680542], "shots_uniform": [[1024, 1024, 1024, 1024, 1024, 1024, 1024, 1024, 1024], [1024, 1024, 1024, 1024, 1024, 1024, 1024, 1024, 1024], [1024, 1024, 1024, 1024, 1024, 1024, 1024, 1024, 1024], [1024, 1024, 1024, 1024, 1024, 1024, 1024, 1024, 1024], [1024, 1024, 1024, 1024, 1024, 1024, 1024, 1024, 1024], [1024, 1024, 1024, 1024, 1024, 1024, 1024, 1024, 1024], [1024, 1024, 1024, 1024, 1024, 1024, 1024, 1024, 1024], [1024, 1024, 1024, 1024, 1024, 1024, 1024, 1024, 1024], [1024, 1024, 1024, 1024, 1024, 1024, 1024, 1024, 1024], [1024, 1024, 1024, 1024, 1024, 1024, 1024, 1024, 1024]], "shots_vmsa": [[300, 300, 323, 322, 1311, 1319, 1182, 1182, 2077], [174, 171, 191, 187, 2584, 757, 2446, 685, 1121], [85, 85, 90, 94, 192, 178, 4678, 397, 2517], [87, 86, 100, 93, 196, 168, 4794, 407, 2385], [281, 281, 300, 290, 1191, 1211, 1095, 1107, 2560], [206, 206, 212, 239, 861, 816, 2481, 816, 2478], [160, 161, 183, 161, 668, 645, 3302, 643, 2393], [152, 154, 172, 175, 906, 648, 3789, 612, 1707], [248, 244, 281, 271, 989, 1025, 3114, 1013, 1132], [205, 202, 228, 221, 835, 872, 2646, 836, 2270]], "shots_vpsr": [[227, 227, 237, 254, 1008, 974, 1328, 900, 1], [263, 263, 270, 312, 1156, 1126, 1031, 1031, 1], [23, 23, 25, 25, 35, 49, 1248, 113, 709], [22, 23, 24, 24, 43, 39, 1250, 108, 688], [72, 72, 79, 80, 312, 314, 1483, 295, 920], [75, 75, 87, 79, 292, 324, 1562, 293, 679], [95, 96, 99, 109, 408, 404, 1559, 371, 883], [83, 84, 91, 95, 366, 354, 1437, 327, 1073], [76, 76, 83, 85, 320, 326, 1589, 302, 515], [80, 79, 86, 88, 336, 336, 1456, 330, 1018]]}, {"energies_statevector": [-7.866625702256729, -7.866625702256736, -7.866625701820167, -7.75529738581011, -7.755297384143477, -7.755297387676325, -7.869102485615112, -7.86910248556375, -7.8691024855472955, -7.869221549910387, -7.8692215499019005, -7.869221549907073, -7.869222868893384, -7.869222868894139, -7.8692228688927885, -7.8692228792713, -7.869222879271271, -7.869222879271358], "energies_uniform": [-7.862716064429493, -7.862742517576563, -7.8628232701093745, -7.750643160897462, -7.750819433875587, -7.750770207430274, -7.865122283058203, -7.8651449427742195, -7.865106132997071, -7.8654086445652345, -7.865205530126172, -7.865232349899218, -7.865217550118165, -7.865397503279687, -7.86520137790664, -7.864966883923242, -7.865137769175977, -7.865248101486329], "energies_vmsa": [-7.862902149092071, -7.8626531590806445, -7.862727287540684, -7.750787796431671, -7.750612362177149, -7.75052001375334, -7.86512391775502, -7.865099813077389, -7.865189839779378, -7.8652614614367, -7.865167350293117, -7.8652509493771126, -7.865199681446434, -7.86514163994728, -7.865172890791537, -7.8652172128610776, -7.865202568597068, -7.865184714737847], "energies_vpsr": [-7.862764531865825, -7.862796838734412, -7.862876282269729, -7.75131362339077, -7.750895984476178, -7.750724329279953, -7.865090282252388, -7.865255731797762, -7.865008929299966, -7.8651801529887475, -7.8652896697234205, -7.865137067402869, -7.865048079785831, -7.865109817281953, -7.8651887376824865, -7.865211148068078, -7.86505048642377, -7.865265939440769], "std_uniform": [0.0025131635334603103, 0.0024582036026054525, 0.0025833123059495477, 0.006272793741197435, 0.00630155010152836, 0.005884225501812823, 0.0027168116775815308, 0.0028660898544406255, 0.002726609100974498, 0.00283619609258619, 0.002833924522424166, 0.002769105981200605, 0.0028714082321929096, 0.0028842814602948953, 0.002776118255493729, 0.0027948665154440664, 0.0029576454595930213, 0.0028635124752370146], "std_vmsa": [0.0017897174189114055, 0.0018565515674931127, 0.0020249619221050274, 0.00385620428320063, 0.0037342990941149935, 0.0038960482779644067, 0.0022370683206017652, 0.0025717672194559074, 0.002113359917312019, 0.002241129267770245, 0.0022761975066345422, 0.0020499514443049756, 0.002097851677508986, 0.0021028173449876984, 0.0020989862710590252, 0.0020173543965712024, 0.002150133340084978, 0.0021044583706954405], "std_vpsr": [0.0028040656249916102, 0.0034588955679770075, 0.0031252130940117176, 0.006588081715198769, 0.006453497203230857, 0.0069097365300058895, 0.0038199619125696355, 0.0031164119659050876, 0.0031340095486588836, 0.003081618794012544, 0.003208378056169342, 0.002958922764971565, 0.004161254060804374, 0.003101134747495756, 0.0028521102429983117, 0.003480315637038046, 0.0037514355701202405, 0.0031216921722512472], "shots_uniform": [[1024, 1024, 1024, 1024, 1024, 1024, 1024, 1024, 1024], [1024, 1024, 1024, 1024, 1024, 1024, 1024, 1024, 1024], [1024, 1024, 1024, 1024, 1024, 1024, 1024, 1024, 1024], [1024, 1024, 1024, 1024, 1024, 1024, 1024, 1024, 1024], [1024, 1024, 1024, 1024, 1024, 1024, 1024, 1024, 1024], [1024, 1024, 1024, 1024, 1024, 1024, 1024, 1024, 1024], [1024, 1024, 1024, 1024, 1024, 1024, 1024, 1024, 1024], [1024, 1024, 1024, 1024, 1024, 1024, 1024, 1024, 1024], [1024, 1024, 1024, 1024, 1024, 1024, 1024, 1024, 1024], [1024, 1024, 1024, 1024, 1024, 1024, 1024, 1024, 1024], [1024, 1024, 1024, 1024, 1024, 1024, 1024, 1024, 1024], [1024, 1024, 1024, 1024, 1024, 1024, 1024, 1024, 1024], [1024, 1024, 1024, 1024, 1024, 1024, 1024, 1024, 1024], [1024, 1024, 1024, 1024, 1024, 1024, 1024, 1024, 1024], [1024, 1024, 1024, 1024, 1024, 1024, 1024, 1024, 1024], [1024, 1024, 1024, 1024, 1024, 1024, 1024, 1024, 1024], [1024, 1024, 1024, 1024, 1024, 1024, 1024, 1024, 1024], [1024, 1024, 1024, 1024, 1024, 1024, 1024, 1024, 1024]],