{"pool_name": "QE", "initial_energy": -7.8625676, "fci_energy": -7.869863827996727, "data_list": [{"energies_statevector": [-7.8625676], "energies_uniform": [-7.861401994804687], "energies_vmsa": [-7.861619709374217], "energies_vpsr": [-7.861375372058558], "std_uniform": [0.0011143859503924456], "std_vmsa": [0.0010669273411839325], "std_vpsr": [0.0010596108000503113], "shots_uniform": [[1024, 1024, 1024, 1024, 1024, 1024, 1024, 1024, 1024]], "shots_vmsa": [[361, 358, 388, 419, 1597, 1594, 1427, 1487, 685]], "shots_vpsr": [[228, 228, 256, 256, 1000, 1003, 1324, 895, 1]]}, {"energies_statevector": [-7.862567599999997, -7.862567600516427, -7.772583356357052, -7.772583354685058, -7.8665429042074875, -7.866542904282142, -7.866625673038635, -7.8666256730372295, -7.866625702256732, -7.866625702256736], "energies_uniform": [-7.860954199863281, -7.860343225488281, -7.774188560996095, -7.773248007265624, -7.863352089394532, -7.864273021308594, -7.864199921640626, -7.8652914307031265, -7.864205732539062, -7.8637847722265635], "energies_vmsa": [-7.860246903077917, -7.859470969596134, -7.770581173276634, -7.771744222547812, -7.864205850234607, -7.865517896948556, -7.857502090163704, -7.8637957865836965, -7.864580989145421, -7.8647023467057675], "energies_vpsr": [-7.861012676969034, -7.860736869263789, -7.7743287643839025, -7.770525466931211, -7.862593194948578, -7.8626489059903575, -7.864014538235163, -7.864094817582061, -7.863743971115101, -7.864368361269054], "std_uniform": [0.001082239923457218, 0.0013010134651274918, 0.003222089521554907, 0.004930435260304156, 0.0014008635277278538, 0.0019508141400145609, 0.0019285039955354326, 0.0021326617730262473, 0.0020230578054426704, 0.0022087293322103725], "std_vmsa": [0.0014362677943936058, 0.0010651110516704185, 0.0027341612695567755, 0.0029679701859800893, 0.002222091749514351, 0.0015274489141238775, 0.0013654303208989152, 0.0014797683302190188, 0.0019817822988075716, 0.0012860415107850628], "std_vpsr": [0.001519194622177783, 0.0014479931996745114, 0.005136659354369667, 0.004332947836439209, 0.0023543660895666983, 0.00290255043478848, 0.0025464292395173706, 0.0014417400675870965, 0.0028723458960849945, 0.002032656068744069], "shots_uniform": [[1024, 1024, 1024, 1024, 1024, 1024, 1024, 1024, 1024], [1024, 1024, 1024, 1024, 1024, 1024, 1024, 1024, 1024], [1024, 1024, 1024, 1024, 1024, 1024, 1024, 1024, 1024], [1024, 1024, 1024, 1024, 1024, 1024, 1024, 1024, 1024], [1024, 1024, 1024, 1024, 1024, 1024, 1024, 1024, 1024], [1024, 1024, 1024, 1024, 1024, 1024, 1024, 1024, 1024], [1024, 1024, 1024, 1024, 1024, 1024, 1024, 1024, 1024], [1024, 1024, 1024, 1024, 1024, 1024, 1024, 1024, 1024], [1024, 1024, 1024, 1024, 1024, 1024, 1024, 1024, 1024], [1024, 1024, 1024, 1024, 1024, 1024, 1024, 1024, 1024]], "shots_vmsa": [[167, 167, 183, 176, 734, 734, 4402, 681, 1073], [212, 211, 221, 230, 933, 932, 4311, 866, 399], [86, 86, 99, 97, 166, 130, 4827, 398, 2427], [87, 87, 91, 98, 209, 108, 4593, 402, 2641], [178, 178, 187, 202, 691, 756, 5055, 732, 337], [184, 185, 204, 200, 799, 788, 3019, 732, 2204], [192, 193, 199, 207, 816, 786, 5137, 787, 1], [156, 156, 170, 170, 902, 595, 4113, 638, 1417], [197, 194, 211, 218, 815, 832, 2550, 808, 2491], [170, 171, 166, 190, 719, 697, 3887, 705, 1611]], "shots_vpsr": [[122, 125, 143, 131, 549, 546, 1614, 510, 833], [205, 206, 218, 215, 903, 890, 1544, 801, 387], [23, 23, 25, 24, 40, 40, 1244, 106, 699], [23, 23, 26, 24, 40, 29, 1246, 105, 675], [67, 67, 75, 75, 277, 288, 1549, 264, 618], [112, 110, 124, 119, 457, 484, 1457, 490, 1134], [70, 70, 76, 79, 299, 283, 1484, 280, 889], [73, 72, 86, 82, 304, 287, 1542, 284, 741], [85, 85, 91, 98, 369, 347, 1568, 341, 789], [84, 85, 92, 102, 356, 367, 1514, 332, 937]]}, {"energies_statevector": [-7.866625702256729, -7.866625702256736, -7.866625701820167, -7.75529738581011, -7.755297384143477, -7.755297387676325, -7.869102485615112, -7.86910248556375, -7.8691024855472955, -7.869221549910387, -7.8692215499019005, -7.869221549907073, -7.869222868893384, -7.869222868894139, -7.8692228688927885, -7.8692228792713, -7.869222879271271, -7.869222879271358], "energies_uniform": [-7.863469284160158, -7.862509685996093, -7.863511709121093, -7.749591487011719, -7.749316964062501, -7.752052645722657, -7.8654102312890615, -7.865790528984374, -7.8642389799414065, -7.865607049257813, -7.865851327265625, -7.864688369765625, -7.8658124539843755, -7.865922048046874, -7.866213078183593, -7.864158008964845, -7.866049746894532, -7.864426260410156], "energies_vmsa": [-7.8634786433123285, -7.862382350922712, -7.86262110403091, -7.750307590577529, -7.750502999278548, -7.748902766419273, -7.865434080167349, -7.86466818468237, -7.86522134838192, -7.8649002503434335, -7.865310352033953, -7.864620591112844, -7.865521196227519, -7.865429931044206, -7.865154861508314, -7.8647279642445085, -7.866413337005943, -7.865215614319015], "energies_vpsr": [-7.862754258473418, -7.862399523355821, -7.862357639946758, -7.751703520314171, -7.7492981241106715, -7.748450623652403, -7.863652602190877, -7.865204635357753, -7.865333967550553, -7.863706379232626, -7.865628673441701, -7.865386619145295, -7.864655659606848, -7.86366323015613, -7.86489309784977, -7.867004463462839, -7.867592186641112, -7.864753186975099], "std_uniform": [0.002374527950713883, 0.003353696826085484, 0.002552804685375262, 0.007004110131058618, 0.004190711258926547, 0.0036768709762446177, 0.0028930339954146675, 0.0014008871603003324, 0.001893478938579248, 0.0034603901397052125, 0.0031277553804186418, 0.0031747367735422386, 0.00246654830083468, 0.002775741742640583, 0.002060853474548086, 0.0030977089902982347, 0.003506231313315403, 0.0012249657366768182], "std_vmsa": [0.0019171926153329923, 0.001517883539225233, 0.0014076309037799857, 0.0022953255710191855, 0.0043186201483888685, 0.0023780593576856095, 0.0038836339044093795, 0.0014471842203464778, 0.002213155100541511, 0.0019989628235456084, 0.001698321897195944, 0.0015037359561489853, 0.0022871133108433744, 0.002415052930297964, 0.0021552653272303595, 0.001992653788336511, 0.0021837025124740836, 0.0018912129483155482], "std_vpsr": [0.0038470786042661656, 0.0022199683538547447, 0.0024736217372890988, 0.004394225202465758, 0.005766418997974845, 0.004682240521240632, 0.00199097177129648, 0.0036675052735634876, 0.003023216136393076, 0.00412886092842522, 0.0033372231801254504, 0.0038343884660927696, 0.002323280081290074, 0.004083900454038391, 0.003668578741765842, 0.0020627576616959664, 0.0032754664539085526, 0.0023842275246288578], "shots_uniform": [[1024, 1024, 1024, 1024, 1024, 1024, 1024, 1024, 1024], [1024, 1024, 1024, 1024, 1024, 1024, 1024, 1024, 1024], [1024, 1024, 1024, 1024, 1024, 1024, 1024, 1024, 1024], [1024, 1024, 1024, 1024, 1024, 1024, 1024, 1024, 1024], [1024, 1024, 1024, 1024, 1024, 1024, 1024, 1024, 1024], [1024, 1024, 1024, 1024, 1024, 1024, 1024, 1024, 1024], [1024, 1024, 1024, 1024, 1024, 1024, 1024, 1024, 1024], [1024, 1024, 1024, 1024, 1024, 1024, 1024, 1024, 1024], [1024, 1024, 1024, 1024, 1024, 1024, 1024, 1024, 1024], [1024, 1024, 1024, 1024, 1024, 1024, 1024, 1024, 1024], [1024, 1024, 1024, 1024, 1024, 1024, 1024, 1024, 1024], [1024, 1024, 1024, 1024, 1024, 1024, 1024, 1024, 1024], [1024, 1024, 1024, 1024, 1024, 1024, 1024, 1024, 1024], [1024, 1024, 1024, 1024, 1024, 1024, 1024, 1024, 1024], [1024, 1024, 1024, 1024, 1024, 1024, 1024, 1024, 1024], [1024, 1024, 1024, 1024, 1024, 1024, 1024, 1024, 1024], [1024, 1024, 1024, 1024, 1024, 1024, 1024, 1024, 1024], [1024, 1024, 1024, 1024, 1024, 1024, 1024, 1024, 1024]],