{"pool_name": "QE", "initial_energy": -0.8413485984542795, "fci_energy": -0.9663345447803098, "data_list": [{"energies_statevector": [-0.8413485984542795], "energies_uniform": [-0.8413633029555072], "energies_vmsa": [-0.8414571984715152], "energies_vpsr": [-0.8413894664309123], "std_uniform": [0.00011323752250942548], "std_vmsa": [0.00017758194728458428], "std_vpsr": [0.00019882552045174463], "shots_uniform": [[200000, 200000, 200000, 200000, 200000]], "shots_vmsa": [[250076, 251509, 244627, 253289, 1]], "shots_vpsr": [[199999, 200281, 198666, 200642, 1]]}, {"energies_statevector": [-0.841348598454279, -0.8413485935527785, -0.8124305368691761, -0.8124305421420388, -0.9663191109023609, -0.9663191108412202, -0.966334112698392, -0.9663341127086227, -0.9663345447803086, -0.9663345447803081], "energies_uniform": [-0.8412820605862237, -0.8413421039662372, -0.8122940954906455, -0.8123926827797746, -0.9662493587304487, -0.9664089507700663, -0.9661314705483696, -0.9665859555896853, -0.9661411937313431, -0.9663222280961316], "energies_vmsa": [-0.8412978375350031, -0.8413765593976432, -0.8126082662742287, -0.8128630934487958, -0.9664027129962577, -0.9662526489090407, -0.9663855861655023, -0.9662227926587598, -0.9660519749517743, -0.9662651092257704], "energies_vpsr": [-0.8414632806533708, -0.8412111397488466, -0.8123781874181766, -0.8180051368218949, -0.9663485505587174, -0.9663083684601312, -0.9663894410336912, -0.9663739081895886, -0.9662706519936268, -0.966366842254217], "std_uniform": [0.00021381464785760689, 0.0003241617680809117, 0.0002668736216759085, 0.00024433013031270335, 0.0004430766131661559, 0.0003480740717219716, 0.000364321046199565, 0.00025520220637841035, 0.000570932008970312, 0.00027618577204733315], "std_vmsa": [0.00037325938027618345, 0.0001658526629331331, 0.0002949792336005087, 0.00037070666403495186, 0.00014998290207745492, 0.00020441048053209751, 0.00013919583490660191, 0.00029386828953390117, 0.00018463884517427805, 0.00015052739745943436], "std_vpsr": [0.00023901142076446132, 0.00020541644421675926, 0.00026728079337388753, 0.00028444666125961433, 0.0003137203140465304, 0.0003126332528322137, 0.0001209850650420588, 0.00038702974624200043, 0.0004162508157596266, 0.00032388604298805616], "shots_uniform": [[200000, 200000, 200000, 200000, 200000], [200000, 200000, 200000, 200000, 200000], [200000, 200000, 200000, 200000, 200000], [200000, 200000, 200000, 200000, 200000], [200000, 200000, 200000, 200000, 200000], [200000, 200000, 200000, 200000, 200000], [200000, 200000, 200000, 200000, 200000], [200000, 200000, 200000, 200000, 200000], [200000, 200000, 200000, 200000, 200000], [200000, 200000, 200000, 200000, 200000]], "shots_vmsa": [[251427, 248116, 250971, 248986, 1], [249900, 249447, 250252, 249900, 1], [108704, 130208, 114669, 95158, 550761], [99674, 78015, 89619, 124072, 608121], [108242, 130436, 130436, 158150, 472235], [122856, 137723, 117197, 137723, 484000], [151826, 131266, 103913, 95363, 517132], [139445, 106196, 146179, 132191, 475489], [148479, 112648, 148479, 132451, 457442], [118220, 130729, 118220, 146549, 485782]], "shots_vpsr": [[200401, 200401, 198993, 199799, 1], [199840, 199840, 199960, 199960, 1], [46377, 41699, 50535, 41699, 294505], [43476, 1, 47375, 34029, 272174], [73176, 80919, 68821, 96313, 318785], [86135, 51941, 75856, 62949, 313268], [80227, 71527, 76053, 87714, 319113], [102885, 80315, 76136, 71605, 319462], [77956, 89908, 77956, 82234, 320331], [84221, 78875, 78875, 75945, 319582]]}]}