{"pool_name": "QE", "initial_energy": -0.2898, "fci_energy": -1.2775555229656779, "data_list": [{"energies_statevector": [-0.2898], "energies_uniform": [-0.28982647630473907], "energies_vmsa": [-0.29012366228260067], "energies_vpsr": [-0.28966546734367865], "std_uniform": [0.003971956681563862], "std_vmsa": [0.0038382648016970543], "std_vpsr": [0.004498050220459652], "shots_uniform": [[1667, 1667, 1666]], "shots_vmsa": [[2349, 2351, 1]], "shots_vpsr": [[1568, 1565, 1]]}]}