{"pool_name": "QE", "initial_energy": -0.8413485984542795, "fci_energy": -0.9663345447803098, "data_list": [{"energies_statevector": [-0.8413485984542795], "energies_uniform": [-0.8413485984542795], "energies_vmsa": [-0.8413485984542795], "energies_vpsr": [-0.8413485984542795], "std_uniform": [0.0], "std_vmsa": [0.0], "std_vpsr": [0.0], "shots_uniform": [[5000, 5000]], "shots_vmsa": [[9800, 1]], "shots_vpsr": [[4900, 1]]}, {"energies_statevector": [-0.841348598454279, -0.8413485935527785, -0.8124305368691761, -0.8124305421420388, -0.9663191109023609, -0.9663191108412202, -0.966334112698392, -0.9663341127086227, -0.9663345447803086, -0.9663345447803081], "energies_uniform": [-0.8413485984542795, -0.8413485984542795, -0.5896816685877193, -0.5893972188223997, -0.7671427659265158, -0.7680672276638046, -0.7684227898704542, -0.7671783221471807, -0.7674983281331654, -0.764547161817974], "energies_vmsa": [-0.8413485984542795, -0.8413485984542795, -0.5890808410221973, -0.590151155827928, -0.7696193655414035, -0.7695105199679394, -0.7686397553802261, -0.7671340582806387, -0.7662088709061934, -0.7674243131432098], "energies_vpsr": [-0.8413485984542795, -0.8413485984542795, -0.5894436596004111, -0.5901330148990174, -0.7701635934087243, -0.7684583460911193, -0.7650841333137305, -0.7662451527640147, -0.7677327089346916, -0.767478735929942], "std_uniform": [0.0, 0.0, 0.0032711723011760174, 0.00099557417861873, 0.0005333433099743434, 0.00032000598598458385, 0.0018133672539127899, 0.0012089115026084896, 0.0011733552819436222, 0.0003555622066495623], "std_vmsa": [0.0, 0.0, 0.0015238380284980924, 0.0008889055166239057, 0.00014512743128547445, 0.0002902548625710599, 0.0030476760569962957, 0.00132428781048044, 7.256371564268171e-05, 1.814092891072594e-05], "std_vpsr": [0.0, 0.0, 0.0001088455734641336, 0.0013787105972125069, 0.002975112341353503, 0.0009070464455346317, 0.0002902548625710599, 0.0019592203223547378, 0.0007619190142490462, 0.0009433283033559725], "shots_uniform": [[5000, 5000], [5000, 5000], [5000, 5000], [5000, 5000], [5000, 5000], [5000, 5000], [5000, 5000], [5000, 5000], [5000, 5000], [5000, 5000]], "shots_vmsa": [[9800, 1], [9800, 1], [9800, 1], [9800, 1], [9800, 1], [9800, 1], [9800, 1], [9800, 1], [9800, 1], [9800, 1]], "shots_vpsr": [[4900, 1], [4900, 1], [4900, 1], [4900, 1], [4900, 1], [4900, 1], [4900, 1], [4900, 1], [4900, 1], [4900, 1]]}]}