{"pool_name": "QE", "initial_energy": -7.8625676, "fci_energy": -7.869863827996727, "data_list": [{"energies_statevector": [-7.8625676], "energies_uniform": [-7.862564382058007], "energies_vmsa": [-7.862555944660929], "energies_vpsr": [-7.862555772454986], "std_uniform": [0.0007801218184424082], "std_vmsa": [0.000665196156317057], "std_vpsr": [0.0008208354995023655], "shots_uniform": [[1024, 1024, 1024, 1024, 1024, 1024, 1024, 1024, 1024]], "shots_vmsa": [[401, 380, 418, 462, 1759, 1763, 1561, 1572, 1]], "shots_vpsr": [[261, 260, 291, 290, 1149, 1140, 1026, 1026, 1]]}, {"energies_statevector": [-7.862567599999997, -7.862567600516427, -7.772583356357052, -7.772583354685058, -7.8665429042074875, -7.866542904282142, -7.866625673038635, -7.8666256730372295, -7.866625702256732, -7.866625702256736], "energies_uniform": [-7.862575506548046, -7.862508798993749, -7.772721138883008, -7.772494277046484, -7.866538747770313, -7.8664834818695315, -7.866652766947851, -7.866641000120703, -7.866678446204687, -7.86679839789043], "energies_vmsa": [-7.862597831145756, -7.8625616223405235, -7.772414224007718, -7.772655757516998, -7.866577041703567, -7.86650322194761, -7.86662196211495, -7.86663244170118, -7.866486985333328, -7.866684905236533], "energies_vpsr": [-7.862581303863057, -7.862560681722179, -7.772595627104085, -7.772532039258255, -7.866009527530205, -7.866606551657677, -7.866621677168714, -7.8675305795845745, -7.866666254891326, -7.865850748091604], "std_uniform": [0.0008076390204371746, 0.0008243097319346523, 0.005530908728745802, 0.00578024279406048, 0.0018705251373400673, 0.001805822395149517, 0.00198449676705505, 0.0020980794364017707, 0.0021025422209463695, 0.0020507145120331888], "std_vmsa": [0.0006684515327367555, 0.0006836140196339216, 0.0030452402312711358, 0.0029366587182521613, 0.0014085535965271622, 0.0013617941242245577, 0.0014848199506055687, 0.0015976639247733055, 0.001501788169315478, 0.0014708623740086915], "std_vpsr": [0.0008179785078156266, 0.0008513560650202491, 0.005985147069649726, 0.005902230891605543, 0.023293412638447246, 0.0019317673138247826, 0.002160843837398636, 0.03198358732213809, 0.0021142585854460726, 0.026753167997047227], "shots_uniform": [[1024, 1024, 1024, 1024, 1024, 1024, 1024, 1024, 1024], [1024, 1024, 1024, 1024, 1024, 1024, 1024, 1024, 1024], [1024, 1024, 1024, 1024, 1024, 1024, 1024, 1024, 1024], [1024, 1024, 1024, 1024, 1024, 1024, 1024, 1024, 1024], [1024, 1024, 1024, 1024, 1024, 1024, 1024, 1024, 1024], [1024, 1024, 1024, 1024, 1024, 1024, 1024, 1024, 1024], [1024, 1024, 1024, 1024, 1024, 1024, 1024, 1024, 1024], [1024, 1024, 1024, 1024, 1024, 1024, 1024, 1024, 1024], [1024, 1024, 1024, 1024, 1024, 1024, 1024, 1024, 1024], [1024, 1024, 1024, 1024, 1024, 1024, 1024, 1024, 1024]], "shots_vmsa": [[398, 391, 437, 474, 1755, 1755, 1558, 1549, 1], [400, 400, 455, 423, 1754, 1742, 1571, 1572, 1], [84, 83, 97, 101, 162, 177, 4563, 391, 2658], [88, 88, 91, 97, 169, 152, 4566, 407, 2659], [135, 136, 162, 146, 598, 568, 4311, 527, 1732], [189, 189, 211, 210, 829, 818, 3903, 744, 1224], [208, 210, 230, 224, 887, 876, 2532, 826, 2323], [206, 204, 227, 232, 843, 889, 3564, 815, 1336], [220, 220, 251, 254, 897, 950, 2653, 869, 2001], [186, 190, 226, 210, 788, 827, 3872, 768, 1249]], "shots_vpsr": [[261, 260, 297, 263, 1144, 1147, 1022, 1020, 1], [256, 260, 287, 287, 1150, 1146, 1024, 1016, 1], [24, 24, 27, 26, 36, 66, 1274, 109, 653], [22, 21, 24, 24, 33, 49, 1248, 102, 681], [122, 122, 140, 129, 521, 512, 1583, 479, 1], [98, 99, 110, 107, 421, 421, 1631, 391, 639], [99, 99, 109, 115, 419, 419, 1633, 394, 639], [93, 93, 104, 98, 389, 406, 1538, 366, 1], [87, 87, 93, 100, 371, 379, 1506, 344, 965], [85, 85, 89, 100, 345, 345, 1516, 338, 1]]}, {"energies_statevector": [-7.866625702256729, -7.866625702256736, -7.866625701820167, -7.75529738581011, -7.755297384143477, -7.755297387676325, -7.869102485615112, -7.86910248556375, -7.8691024855472955, -7.869221549910387, -7.8692215499019005, -7.869221549907073, -7.869222868893384, -7.869222868894139, -7.8692228688927885, -7.8692228792713, -7.869222879271271, -7.869222879271358], "energies_uniform": [-7.866637685733008, -7.866675231541406, -7.866591585335548, -7.755444757563086, -7.755489637174609, -7.755195170564062, -7.869014873246095, -7.869063030986523, -7.869071262400391, -7.869259180370704, -7.8692682610777345, -7.869297424939648, -7.869297436984765, -7.869301232903321, -7.86931946244043, -7.8692610105908205, -7.869296766952149, -7.869222525607421], "energies_vmsa": [-7.866652576419499, -7.866644834420237, -7.866695290112113, -7.75532877762184, -7.755387673004634, -7.755316956794175, -7.869147266611638, -7.869124633054798, -7.869175232676191, -7.869228232169106, -7.86923578654736, -7.869232561688474, -7.869289662234576, -7.8692545146370945, -7.869175172159904, -7.86913700524611, -7.869267294436983, -7.869180718904756], "energies_vpsr": [-7.866639840647488, -7.866702630679798, -7.866575789364488, -7.755322930636214, -7.75498436493239, -7.754940731523804, -7.869136054529625, -7.869005893389858, -7.8690223247162265, -7.869242904058246, -7.869148101999349, -7.869271102943147, -7.868329757647367, -7.869228352851664, -7.869136058359007, -7.869161743982764, -7.869152395989822, -7.869336464737999], "std_uniform": [0.002100050591311996, 0.0021569498584435016, 0.0020392931243611036, 0.006211710016600848, 0.006310000585979304, 0.006325157480656524, 0.0024381034043462124, 0.0024862491776842296, 0.0023749438988733547, 0.0023293294025494415, 0.0023990176302056895, 0.0024714654155500162, 0.0023820588060602626, 0.002366105776944547, 0.002457409589063557, 0.0024892741059240288, 0.0024268494370094816, 0.002357801902585435], "std_vmsa": [0.0019371864644816411, 0.0015398568411983387, 0.0014594193969439588, 0.003752717301035942, 0.0037227331375391214, 0.003699223095095398, 0.001783273427895985, 0.0020180546910777736, 0.0018162924860185942, 0.0019300418445928347, 0.0018303201431135252, 0.0018174812312980143, 0.0018116001335536107, 0.0021859372003029754, 0.0021576818153297003, 0.002257577628626051, 0.0018954318265018268, 0.0017987595947920956], "std_vpsr": [0.0021552992847618815, 0.002187934233360519, 0.0020901047897464516, 0.006081228966420436, 0.006519269072232721, 0.00704730625045238, 0.0032910287120197696, 0.00296802420253533, 0.002506767845955298, 0.0033231330753743177, 0.002490750830986492, 0.0033610560386912887, 0.03195999313902159, 0.0025554934284818366, 0.003176504767471634, 0.0027277336791928907, 0.00269655745679315, 0.0026594487100035594], "shots_uniform": [[1024, 1024, 1024, 1024, 1024, 1024, 1024, 1024, 1024], [1024, 1024, 1024, 1024, 1024, 1024, 1024, 1024, 1024], [1024, 1024, 1024, 1024, 1024, 1024, 1024, 1024, 1024], [1024, 1024, 1024, 1024, 1024, 1024, 1024, 1024, 1024], [1024, 1024, 1024, 1024, 1024, 1024, 1024, 1024, 1024], [1024, 1024, 1024, 1024, 1024, 1024, 1024, 1024, 1024], [1024, 1024, 1024, 1024, 1024, 1024, 1024, 1024, 1024], [1024, 1024, 1024, 1024, 1024, 1024, 1024, 1024, 1024], [1024, 1024, 1024, 1024, 1024, 1024, 1024, 1024, 1024], [1024, 1024, 1024, 1024, 1024, 1024, 1024, 1024, 1024], [1024, 1024, 1024, 1024, 1024, 1024, 1024, 1024, 1024], [1024, 1024, 1024, 1024, 1024, 1024, 1024, 1024, 1024], [1024, 1024, 1024, 1024, 1024, 1024, 1024, 1024, 1024], [1024, 1024, 1024, 1024, 1024, 1024, 1024, 1024, 1024], [1024, 1024, 1024, 1024, 1024, 1024, 1024, 1024, 1024], [1024, 1024, 1024, 1024, 1024, 1024, 1024, 1024, 1024], [1024, 1024, 1024, 1024, 1024, 1024, 1024, 1024, 1024], [1024, 1024, 1024, 1024, 1024, 1024, 1024, 1024, 1024]],