{"pool_name": "QE", "initial_energy": -0.8413485984542795, "fci_energy": -0.9663345447803098, "data_list": [{"energies_statevector": [-0.8413485984542795], "energies_uniform": [-0.8415759629752166], "energies_vmsa": [-0.8424432459732005], "energies_vpsr": [-0.8416229536904829], "std_uniform": [0.0027634449359402414], "std_vmsa": [0.002793545208622918], "std_vpsr": [0.0033983907280028427], "shots_uniform": [[1024, 1024, 1024, 1024, 1024]], "shots_vmsa": [[1156, 1152, 1156, 1156, 1]], "shots_vpsr": [[927, 925, 923, 921, 1]]}, {"energies_statevector": [-0.841348598454279, -0.8413485935527785, -0.8124305368691761, -0.8124305421420388, -0.9663191109023609, -0.9663191108412202, -0.966334112698392, -0.9663341127086227, -0.9663345447803086, -0.9663345447803081], "energies_uniform": [-0.8418536661291999, -0.8390881831798079, -0.8102497287656247, -0.8119843443519921, -0.9657464345792981, -0.9704097199131791, -0.9668793697332492, -0.9653473336057703, -0.9637634110975564, -0.9673777677633646], "energies_vmsa": [-0.8400218441950035, -0.8411553492689741, -0.8124926749642976, -0.811227094990515, -0.9636822658867704, -0.965540014040349, -0.9663711566617608, -0.9676828471212524, -0.9666904216819789, -0.9665560771880338], "energies_vpsr": [-0.8437347937292656, -0.8427639104867752, -0.8151154318711382, -0.8079842556592813, -0.9671744096646162, -0.9665523360518545, -0.9679401931138166, -0.9662101251791224, -0.9650164029292394, -0.9678760331010745], "std_uniform": [0.002852550134326563, 0.001818884679068758, 0.004411343446629106, 0.005309649270567827, 0.0039280821649211334, 0.003925537614248426, 0.008272826201255103, 0.004859190019353779, 0.003748340704733075, 0.003527206900172313], "std_vmsa": [0.003967616995890883, 0.0025806269226759855, 0.004276863414388407, 0.003541852249186639, 0.0029395367177764073, 0.003991668381614913, 0.002430763787082686, 0.0026617443259700987, 0.0033806449326149544, 0.004480623001308402], "std_vpsr": [0.0032977783379986316, 0.00284160854507476, 0.004526648935513798, 0.006121571098421384, 0.005231561617450902, 0.003383769440157968, 0.005563077342454081, 0.005134361831677385, 0.004555368838532409, 0.007379578701274316], "shots_uniform": [[1024, 1024, 1024, 1024, 1024], [1024, 1024, 1024, 1024, 1024], [1024, 1024, 1024, 1024, 1024], [1024, 1024, 1024, 1024, 1024], [1024, 1024, 1024, 1024, 1024], [1024, 1024, 1024, 1024, 1024], [1024, 1024, 1024, 1024, 1024], [1024, 1024, 1024, 1024, 1024], [1024, 1024, 1024, 1024, 1024], [1024, 1024, 1024, 1024, 1024]], "shots_vmsa": [[1163, 1155, 1148, 1155, 1], [1157, 1156, 1154, 1152, 1], [444, 494, 225, 444, 3013], [509, 300, 365, 547, 2899], [627, 583, 534, 534, 2343], [626, 578, 668, 648, 2100], [574, 622, 599, 488, 2337], [436, 573, 511, 694, 2406], [618, 485, 544, 618, 2356], [652, 581, 380, 606, 2401]], "shots_vpsr": [[922, 931, 931, 912, 1], [932, 916, 916, 932, 1], [211, 190, 230, 135, 1339], [176, 245, 103, 176, 1315], [258, 357, 482, 395, 1467], [432, 500, 451, 412, 1493], [228, 297, 277, 297, 1423], [421, 320, 407, 392, 1481], [362, 317, 502, 449, 1479], [427, 370, 390, 409, 1486]]}]}