{"pool_name": "QE", "initial_energy": -1.1166512474115222, "fci_energy": -1.1372633383635353, "data_list": [{"energies_statevector": [-1.1166512474115222], "energies_uniform": [-1.1158809813331962], "energies_vmsa": [-1.116764018069763], "energies_vpsr": [-1.1165290514224129], "std_uniform": [0.003786426751367586], "std_vmsa": [0.0022522990421492087], "std_vpsr": [0.0019207981700314917], "shots_uniform": [[1024, 1024, 1024, 1024, 1024]], "shots_vmsa": [[1141, 1158, 1160, 1160, 1]], "shots_vpsr": [[926, 926, 926, 917, 1]]}, {"energies_statevector": [-1.1166512474115213, -1.116651243785073, -0.16669246730467863, -0.16669248313035723, -1.1367682481117052, -1.136768247546139, -1.1372632894962993, -1.1372632895019195, -1.1372633383635302, -1.1372633383635282], "energies_uniform": [-1.1152169588518803, -1.1161465903257224, -0.16595899880913725, -0.1576794878058712, -1.138256053209473, -1.1390221957040678, -1.1401224720689949, -1.137077428753649, -1.1331966268102767, -1.1359108413973034], "energies_vmsa": [-1.1173116771130478, -1.117589091016819, -0.16197184227284672, -0.1716243678015168, -1.1495496684521433, -1.1508905234688944, -1.1384420720270498, -1.1403682992391064, -1.1363295413945047, -1.136788244607422], "energies_vpsr": [-1.118014956021402, -1.1177597857581762, -0.1688992739720702, -0.17281006866724596, -1.1338081955323072, -0.9938668678959054, -1.1417568792980188, -1.13705376902965, -1.157625439944393, -1.139890343692533], "std_uniform": [0.0030705134777038634, 0.0023209525143900647, 0.013443379357210353, 0.022130706784047743, 0.0038421014141117433, 0.004803810308867438, 0.004384952659034589, 0.006085900715269505, 0.007540737175023494, 0.004823269436918153], "std_vmsa": [0.002532220368495597, 0.003044031482826615, 0.012308760920196237, 0.0076220101554112735, 0.0019860339191662886, 0.0028528377937559394, 0.002658167988563642, 0.005336675795959975, 0.004386362047618763, 0.005417471855648656], "std_vpsr": [0.0022514378195888723, 0.00201927408941736, 0.02848078686043594, 0.027699282994880954, 0.00504785147566105, 0.4721149919762686, 0.008031942309163627, 0.003940563957233654, 0.0035578848240802085, 0.005881384984727394], "shots_uniform": [[1024, 1024, 1024, 1024, 1024], [1024, 1024, 1024, 1024, 1024], [1024, 1024, 1024, 1024, 1024], [1024, 1024, 1024, 1024, 1024], [1024, 1024, 1024, 1024, 1024], [1024, 1024, 1024, 1024, 1024], [1024, 1024, 1024, 1024, 1024], [1024, 1024, 1024, 1024, 1024], [1024, 1024, 1024, 1024, 1024], [1024, 1024, 1024, 1024, 1024]], "shots_vmsa": [[1155, 1153, 1156, 1156, 1], [1152, 1158, 1149, 1161, 1], [90, 125, 115, 103, 4187], [128, 166, 155, 128, 4043], [1154, 1163, 1167, 1135, 1], [1155, 1116, 1167, 1181, 1], [628, 586, 615, 604, 2188], [522, 520, 524, 501, 2553], [613, 585, 625, 590, 2206], [615, 615, 602, 621, 2168]], "shots_vpsr": [[925, 929, 917, 925, 1], [923, 928, 919, 926, 1], [27, 23, 19, 30, 1012], [25, 34, 18, 21, 1011], [294, 286, 277, 295, 1435], [917, 917, 928, 935, 1], [221, 227, 230, 219, 1379], [231, 218, 230, 233, 1383], [932, 923, 913, 928, 1], [288, 270, 287, 291, 1432]]}]}