{"pool_name": "QE", "initial_energy": -1.1166512474115222, "fci_energy": -1.1372633383635353, "data_list": [{"energies_statevector": [-1.1166512474115222], "energies_uniform": [-1.115925249498617], "energies_vmsa": [-1.117473079048192], "energies_vpsr": [-1.1180056498392519], "std_uniform": [0.0021533812138887646], "std_vmsa": [0.003830496920914202], "std_vpsr": [0.004155038526554282], "shots_uniform": [[1024, 1024, 1024, 1024, 1024]], "shots_vmsa": [[1143, 1167, 1148, 1163, 1]], "shots_vpsr": [[930, 901, 933, 931, 1]]}, {"energies_statevector": [-1.1166512474115213, -1.116651243785073, -0.16669246730467863, -0.16669248313035723, -1.1367682481117052, -1.136768247546139, -1.1372632894962993, -1.1372632895019195, -1.1372633383635302, -1.1372633383635282], "energies_uniform": [-1.1169876854687222, -1.1163413702535747, -0.16715511855503293, -0.16986872667643843, -1.1378408117340428, -1.137818980884143, -1.1379852293775907, -1.1377889637045893, -1.1380312561020667, -1.1391385667032143], "energies_vmsa": [-1.1170671799132765, -1.1163607899886006, -0.17407044338204686, -0.16496596918096232, -1.150431083477366, -1.1512050722544493, -1.1363745042748747, -1.135423905668636, -1.15647918056489, -1.1396403383034408], "energies_vpsr": [-1.1168289296488976, -1.1168555751139135, -0.17008490908918636, -0.1761296699606718, -1.1362737873247164, -1.1318095421515477, -1.1312118053670404, -1.1584503454883373, -1.1394591607527889, -1.1369284351777318], "std_uniform": [0.0012228274429509928, 0.0015839097623814686, 0.02491202573180136, 0.015467119941638022, 0.004549476024381508, 0.0041817803681117064, 0.008327990696160999, 0.008069202042865676, 0.006145143844200259, 0.0058865834249283554], "std_vmsa": [0.002024325238111459, 0.002808602974760021, 0.008171160611378592, 0.01098215297880611, 0.0021771498886069903, 0.002807815711591913, 0.0052292433621072415, 0.005887784818191729, 0.0019288736254876838, 0.0067862626992706105], "std_vpsr": [0.0025658652369369745, 0.0031609628215052265, 0.014236779954001834, 0.02571944540330779, 0.004414113877919558, 0.00580389963506917, 0.007176822356543346, 0.003986487032415473, 0.004374288929947907, 0.007354123393114872], "shots_uniform": [[1024, 1024, 1024, 1024, 1024], [1024, 1024, 1024, 1024, 1024], [1024, 1024, 1024, 1024, 1024], [1024, 1024, 1024, 1024, 1024], [1024, 1024, 1024, 1024, 1024], [1024, 1024, 1024, 1024, 1024], [1024, 1024, 1024, 1024, 1024], [1024, 1024, 1024, 1024, 1024], [1024, 1024, 1024, 1024, 1024], [1024, 1024, 1024, 1024, 1024]], "shots_vmsa": [[1155, 1155, 1156, 1154, 1], [1157, 1154, 1154, 1154, 1], [135, 125, 135, 115, 4111], [133, 133, 168, 95, 4091], [1142, 1169, 1162, 1147, 1], [1174, 1124, 1163, 1159, 1], [525, 518, 510, 497, 2570], [624, 600, 628, 596, 2172], [1183, 1154, 1174, 1109, 1], [456, 467, 449, 462, 2786]], "shots_vpsr": [[925, 921, 926, 924, 1], [923, 924, 925, 923, 1], [24, 29, 27, 27, 1018], [26, 26, 26, 26, 1016], [421, 405, 405, 411, 1490], [233, 233, 231, 226, 1386], [187, 189, 196, 192, 1341], [944, 878, 942, 930, 1], [419, 426, 423, 419, 1492], [219, 233, 229, 230, 1383]]}]}