{"energy_statevector": [-1.1372633383635282], "energy_uniform": [-1.137507223953143], "energy_vpsr": [-1.1372361897860856], "energy_vmsa": [-1.1372799794076873], "std_uniform": [0.020160953655982056], "std_vpsr": [0.017035987546299737], "std_vmsa": [0.010442411631194587]}