{"energy_statevector": [-1.50189761444302, -1.5018976144430192, -1.5018976171071392, -0.6690746534465329, -0.6690746400874238, -1.5146124757500825, -1.514612476175368, -1.514941788564816, -1.514941788561669, -1.5149418065927567, -1.5149418065927562, -1.5149418065927562, -1.5149418065927556, -1.5149418037863114, 0.2535485008252355, 0.2535484963445618, 0.25354847536199354, -1.522044711003114, -1.5220447111021258, -1.5220447105335304, -1.5222687197993938, -1.5222687198594713, -1.522268719799701, -1.5222739221136616, -1.522273922140823, -1.5222739221204096, -1.5222752739094216, -1.522275273909424, -1.522275273909424, -1.522275273909421, -1.5222752739094239, -1.522275273909424, -1.5222752750641373, -0.6288481412276549, -0.6288481392244667, -0.6288481383928718, -0.6288481283876382, -1.524729145214421, -1.524729145098006, -1.5247291451232798, -1.524729145413539, -1.5248363790648396, -1.5248363790751949, -1.5248363791834314, -1.5248363790646031, -1.5248474909501741, -1.524847490953707, -1.524847490909603, -1.5248474909329097, -1.5248495506607198, -1.5248495506610205, -1.5248495506607125, -1.5248495506608502, -1.5248495508250322, -1.5248495508251279, -1.5248495508250255, -1.5248495508250752, -1.5248495508250322, -1.5248495508251279, -1.5248495508250255, -1.5248495508250755, -1.5248495519544178, -0.6137869146053379, -0.6137869123284965, -0.6137869118933285, -0.6137869124053044, -0.6137869015631258, -1.5271569552104287, -1.5271569550875412, -1.5271569551277557, -1.527156955190605, -1.5271569554057542, -1.5272644128931188, -1.5272644129018458, -1.52726441299999, -1.5272644129182522, -1.5272644128929218, -1.5272736310771193, -1.5272736310798496, -1.5272736310344432, -1.5272736310779267, -1.5272736310602666, -1.5272757969763462, -1.5272757969759112, -1.5272757969755466, -1.527275796979701, -1.527275796976265, -1.5272758154848067, -1.5272758154844677, -1.5272758154846375, -1.5272758154863402, -1.5272758154847872, -1.5272758204762535, -1.527275820476263, -1.5272758204762653, -1.5272758204762569, -1.5272758204762593], "energy_uniform": [29.081833598326725, 18.79316494868588, 22.92401119449586, 520.2829247122359, 558.4895138741908, 18.559292038074002, 8.100839963629566, 12.682333364119707, 16.454467199959186, 22.802081110734786, 19.758022947256745, 18.977954858293675, 8.190643363890809, 8.493340548580859, 1146.254113755938, 1147.5505234018183, 1174.150984992246, 18.504872187993186, 18.47840228616273, 10.078653199060897, 14.938731787020608, 10.855721751527314, 29.122788248603598, 8.947682065965774, 29.719850776879586, 14.858155700646172, 20.706657284275384, 13.506017611201782, 13.34133503221141, 32.507323152802336, 11.66746834229562, 22.23820239769711, 18.61598392673563, 593.1919071309259, 569.5676379566247, 542.2708689220718, 526.5180568536351, 19.418799886016206, 10.055388622600498, 25.360044704054474, 31.495259217959443, 20.671199139638883, 8.879132664385816, 12.853465694643868, 14.09804671597007, 18.730853654302823, 36.833805014350126, 16.43132523271439, 16.264341659517285, 8.926982371147302, 15.045519032456932, 15.667957535024273, 13.547752238435166, 8.30646141435148, 18.68818585595311, 24.15890825195723, 6.964094468686227, 30.222115203950498, 13.002166119500883, 8.497103477119628, 15.619997168308325, 14.886271312799307, 526.86290360977, 578.871826259002, 545.9419940446769, 590.5282075424415, 556.2900187144969, 16.727234320008133, 16.853047273254493, 29.285556067578508, 22.893649611496983, 13.61010261091802, 34.62396087324914, 21.380074831681245, 19.644106035183736, 13.042325528266426, 28.634151273361397, 4.04275286381935, 10.427771386406105, 22.404176542398588, 18.468042864535114, 23.962603328204995, 21.51644124894442, 8.232238260279006, 11.240566777090704, 15.783921923086298, 5.596520332127125, 15.576082345749287, 11.551963380784983, 5.145683807586643, 16.480355065901893, 20.606383199001893, 17.86066950557066, 22.670674164750935, 27.80940498220849, 12.058248962898771, 16.633483042729342], "energy_vpsr": [11.079248746977777, 11.853048823558952, 28.280798973345696, 555.6282010889787, 553.2625396328401, 28.186079864860034, 8.357644535318139, 14.167038560052683, 30.970782905303427, 32.777643991084275, 21.61486832082805, 5.513234636385768, 8.152005741063784, 16.68051446170463, 1280.0222762712558, 1286.5509242512883, 1221.1146360923146, 25.809475594779528, 11.280957376695065, 26.39490255563116, 21.49036346677164, 39.56782202778916, 21.080078300457743, 38.94984655413761, 46.145989048890094, 17.35683903167723, 27.296064223850525, 37.58739958176212, 24.502210012971048, 14.909014435798717, 35.402612429915045, 38.63119530784575, 53.29873839030879, 567.9476050469649, 509.7268017971384, 535.3511036506087, 590.3190284558376, 7.1575988520562825, 20.071863778195524, 28.22221142791607, 48.00123719535197, 47.225512428040794, 39.91425956871505, 19.57921954053852, 5.69662079448564, 27.42882793526958, 33.91862833698832, 160.21338925631827, 23.338544805387702, 31.67151412694665, 16.96046688394406, 10.921167548647084, 37.722084522531645, 22.95444423935719, 24.554620366754786, 39.6486512833658, 44.139319977704496, 12.4160669034746, 13.879618500510569, 31.86426539870382, 18.99681320489255, 40.829310338405996, 571.164699171631, 583.9730235217543, 524.3467225145088, 548.1999877590897, 542.2711766566872, 4.221614485736619, 14.504984026500528, 60.470724822214294, 17.600708472700592, 7.185852765203944, 28.904588969224942, 47.98668051161753, 20.88019301744455, 33.557444552240774, 42.01418349651108, 29.32199333036432, 18.142896791104857, 24.856459200550088, 23.56180220938009, 8.202616112588553, 28.023633379331873, 1.553045646489043, 38.69018974128778, 10.541124603949475, 18.76786634828609, 18.115525180366614, 22.492098987519327, 14.132110603138822, 9.206380755519136, 34.16749449067777, 17.419329432419147, 24.11357156287544, 145.76685465158423, 20.892135535872587, 18.057256999108105], "energy_vmsa": [10.140041729348065, 18.904169846045136, 22.03169073934942, 568.4253659459064, 515.8820195114912, 9.107745275295962, 10.723364163994852, 24.110672148771823, 23.1092541204505, 12.674602674154341, 17.42843193853035, 18.16759114601711, 8.908582085112547, 16.5538698216876, 1179.4166030803708, 1228.9583643028932, 1221.069710140779, 27.122315200027213, 33.26127942582361, 7.370226236025996, 15.799925665825581, 24.538930031149352, 164.72856267837145, 25.346055823678572, 20.40502909545638, 7.39680602854711, 5.01687567660678, 20.902664931313534, 23.060883965833614, 20.364925850314822, 24.74828825997245, 22.758292112236415, 18.832282009652783, 559.1730368720761, 556.1170603603495, 562.5569686921917, 569.6571118512048, 15.873851259011197, 25.95793349439785, 7.848249124010912, 23.176644762181596, 20.243225959298396, 13.225219181810266, 10.144002792029566, 47.50217837222876, 15.468247442774732, 30.139271146201008, 18.238107523544503, 14.946824516421193, 12.665959005340406, 18.77165014338202, 32.12009264200469, 27.078815771364237, 20.725691691753326, 25.75621186462556, 26.639911299635656, 38.701428066202986, 11.80115871008647, 15.067702491672973, 30.010324021471195, 20.881729627079196, 26.551118276951808, 614.9407241539767, 580.8006032613366, 578.9738252534831, 546.5735041345733, 568.8814980048323, 14.103041500077437, 32.596069171798554, 26.515681514187587, 16.715135988964914, 13.864660045933443, 26.570808964313155, 12.181968417925427, 26.59685427817972, 21.155192452851434, 19.993424867062092, 20.902923290550234, 13.894577360095191, 12.466168343921895, 26.873708268676534, 35.15859520882055, 24.8361006195513, 26.03148013764405, 42.03826544022373, 32.70091996151553, 9.326634057680947, 7.267823258505525, 35.32714032647137, 10.90810695433177, 41.21599689592981, 22.868809330497168, 18.759919094984863, 7.2568749334843226, 35.87747803295686, 8.91425422668285, 13.381989893671259],