{"statevector": -6.7698132, "uniform": [-6.772257431249998, -6.77215380058594, -6.771556141992187, -6.771073872265626, -6.769795769140626, -6.7697605091796875, -6.7690568919921885, -6.768155863085939, -6.767864433984376, -6.76736696953125], "vpsr": [-6.770756686084472, -6.770658927587377, -6.769877897558251, -6.769406313865239, -6.769154408946772, -6.769133586999156, -6.768393081456961, -6.768304957335831, -6.767568666951018, -6.767046936996508], "vmsa": [-6.770449445952101, -6.770306363693663, -6.7700125686643124, -6.769785133536523, -6.769369324989559, -6.769319285001238, -6.769188441932125, -6.768708516113275, -6.7685191037095604, -6.7676032703995315]}