{"statevector": -6.7698132, "uniform": [-6.772430203906251, -6.771166809765625, -6.770678574218749, -6.770569376171874, -6.768470972265626, -6.768342867578125, -6.768239441796876, -6.76789754355469, -6.767730985937499, -6.766716270898438], "vpsr": [-6.773149975508978, -6.772206426366311, -6.771343205430684, -6.771343147862807, -6.770682305303773, -6.770471868154602, -6.769952862234576, -6.7685127581796465, -6.766943672785, -6.766877838198627], "vmsa": [-6.771597631224976, -6.770977625577615, -6.770824765523667, -6.77080140827355, -6.770590058806161, -6.77004854342368, -6.7699152436134735, -6.769762820000673, -6.769622260565997, -6.769180153251085]}