{"statevector": -6.7698132, "uniform": [-6.771285329101563, -6.770225487109377, -6.770161274218751, -6.7700768363281245, -6.769848350000001, -6.769766722460938, -6.769680690625001, -6.768804965625001, -6.768273259570315, -6.766718010742186], "vpsr": [-6.772375935042294, -6.771198725344015, -6.771109738991651, -6.770367526855705, -6.769484017886067, -6.769381199215058, -6.769335067933491, -6.769087183738871, -6.768616901648551, -6.7679232482081995], "vmsa": [-6.771309814378912, -6.771007761252717, -6.770806102318574, -6.770359761207365, -6.76964420569445, -6.7692953433539325, -6.769042873387126, -6.7690135299249015, -6.76840398597931, -6.767460156997896]}